valence_ref,arousal_ref,genre,cluster,cluster_conf,song_id,artist,song_title
-0.475,-0.5,blues/soul,1,0.9375515623280288,2,The New Mystikal Troubadours,Tonight  A Lonely Century
-0.375,-0.42500000000000004,blues/soul,1,0.8559822929196022,3,Kevin MacLeod,DD Groove
0.17500000000000004,0.125,blues/soul,2,0.8594624953057243,4,Kevin MacLeod,Slow Burn
-0.1499999999999999,0.07499999999999996,blues/soul,3,0.6500012090911433,5,My Bubba & Mi,Nothing Much
0.19999999999999996,0.3500000000000001,blues/soul,2,0.5550544638719965,7,Kevin MacLeod,Hustle
-0.44999999999999996,-0.050000000000000044,blues/soul,3,0.7266026947207436,8,Kevin MacLeod,Dirt Rhodes
-0.25,-0.07499999999999996,blues/soul,3,0.7017525379401534,10,Arne Bang Huseby,Stormy Blues
0.125,0.19999999999999996,blues/soul,2,0.8709910245878622,12,Sul Rebel,Rebel Blues
-0.44999999999999996,-0.25,blues/soul,1,0.6277812460550347,13,My Bubba & Mi,Oh Kiss No
-0.1499999999999999,0.25,blues/soul,3,0.5915833672890162,17,Phoephus,Fjcb Reddit Gtr Fills Mix
-0.050000000000000044,-0.275,blues/soul,4,0.4868223768261095,18,Black Rebel Motorcycle Club,Beat The Devil's Tattoo (Live @ KEXP)
0.2250000000000001,-0.17500000000000004,blues/soul,4,0.6139140618364151,19,WHO'S PANDA,Vultures
0.10000000000000009,0.375,blues/soul,2,0.7694569167872601,20,Stevie's Amp Shack,Blues Shuffle in A One Take Improv Exercise
0.3999999999999999,0.32499999999999996,blues/soul,0,0.897159705402024,21,Cian Nugent,My War Blues
-0.25,-0.050000000000000044,blues/soul,3,0.7407147550816904,22,The New Mystikal Troubadours,The Holy Feele
0.07499999999999996,-0.275,blues/soul,4,0.6765330323656377,24,Bombay Laughing Club,Workin Boy Blues
0.7250000000000001,-0.07499999999999996,blues/soul,4,0.8272213508722487,25,The Jon Spencer Blues Explosion,RL Got Soul
-0.07499999999999996,-0.30000000000000004,blues/soul,4,0.4382085547511314,31,Short Hand,All is Right
-0.19999999999999996,-0.42500000000000004,blues/soul,1,0.7284263655224723,32,The Agrarians,Princely & Comely
-0.050000000000000044,0.375,blues/soul,2,0.7174197257517115,35,Olima Anditi,Apoli
0.3999999999999999,0.07499999999999996,blues/soul,0,0.5316245491466043,37,The Jon Spencer Blues Explosion,Afro
0.575,0.10000000000000009,blues/soul,0,0.8852713740607243,39,Barrence Whitfield and The Savages,Ramblin' Rose
-0.10000000000000009,-0.050000000000000044,blues/soul,3,0.5291450323742262,40,Chuck Prophet,You And Me Baby (Holding On) (Live @ KEXP)
-0.17500000000000004,0.02499999999999991,blues/soul,3,0.7127394859661721,41,The New Mystikal Troubadours,Like Nothing Else
0.2749999999999999,0.02499999999999991,blues/soul,2,0.750380911743756,42,The New Mystikal Troubadours,A Cinematic Influence
0.42500000000000004,-0.375,blues/soul,4,0.9835654671485865,43,The Agrarians,PuritansToo
-0.275,-0.02499999999999991,blues/soul,3,0.7872673502705779,44,Digital Primitives,Walkabout
0.02499999999999991,-0.725,blues/soul,1,0.773360735436878,45,Mountain Cult,Untitled 05
0.07499999999999996,-0.25,blues/soul,4,0.6559436734176995,46,Little Howlin' Wolf,Shes Too Fat
-0.1499999999999999,-0.1499999999999999,blues/soul,3,0.5039444845335347,47,Jahzzar,Boulevard St Germain
-0.125,-0.050000000000000044,blues/soul,3,0.5831493784807569,48,The New Mystikal Troubadours,Our Sacred Cues
-0.275,0.07499999999999996,blues/soul,3,0.8722553093780594,49,The Agrarians,Our Nights on the Turnpike
-0.35,-0.050000000000000044,blues/soul,3,0.7598103956616299,50,Jahzzar,Railroad's Whiskey Co
-0.35,-0.44999999999999996,blues/soul,1,0.8655971885980636,51,The Agrarians,Fathers Tell Yr Sons
-0.10000000000000009,0.02499999999999991,blues/soul,3,0.5213190946004247,52,The Agrarians,Recognize An Hour Divine
-0.17500000000000004,0.02499999999999991,blues/soul,3,0.7127394859661721,53,The New Mystikal Troubadours,Owed to Old Poets  Our Role in the Play
-0.475,-0.42500000000000004,blues/soul,1,0.8984686629305816,54,Fit and the Conniptions,Broken
0.19999999999999996,0.10000000000000009,blues/soul,2,0.8428991429621122,55,Big Bill Broonzy,Baby Please Don't Go
0.3500000000000001,0.19999999999999996,blues/soul,0,0.6351968644884743,56,Vieux Farka Touré,Fafa
-0.42500000000000004,-0.4,blues/soul,1,0.8571960182298916,58,Fit and the Conniptions,Nothing's Any Fun Any More
0.07499999999999996,-0.2250000000000001,blues/soul,4,0.6236048029591086,59,The Agrarians,The Truth Is What We Make of It
-0.17500000000000004,0.3500000000000001,blues/soul,3,0.6788558008722252,60,Michael Chapman & The Woodpiles,Heat Index
0.30000000000000004,-0.275,blues/soul,4,0.8888674821727224,62,Zombie Prom Queen,Baby's Got Morphine Eyes
-0.35,-0.02499999999999991,blues/soul,3,0.8016083785111935,64,The New Mystikal Troubadours,Jungle Love Revisited
0.3500000000000001,0.19999999999999996,blues/soul,0,0.6351968644884743,65,The Jon Spencer Blues Explosion,Bellbottoms
0.55,0.44999999999999996,blues/soul,0,0.993210638884276,67,The Jon Spencer Blues Explosion,Gadzooks
-0.30000000000000004,-0.02499999999999991,blues/soul,3,0.7960624196886373,68,Cian Nugent,Sixes & Sevens (Excerpt)
-0.44999999999999996,-0.275,blues/soul,1,0.6852669826002725,69,Billy Childish,Keep Your Lamp Trimmed And Burning [traditional]
-0.1499999999999999,-0.35,blues/soul,1,0.5346289403613426,70,Michael Chapman & The Woodpiles,Deportee
0.2250000000000001,-0.32499999999999996,blues/soul,4,0.8750664982865254,71,The Agrarians,The Daily Dose Age
0.42500000000000004,0.1499999999999999,blues/soul,0,0.7473102314445065,72,Crete Boom,Bona Fide
0.19999999999999996,0.1499999999999999,blues/soul,2,0.8223990774382324,73,Solo Dja Kabako,Lalalala
-0.5,-0.17500000000000004,blues/soul,1,0.4733997062315522,74,Mount Carmel,Interview
-0.17500000000000004,-0.44999999999999996,blues/soul,1,0.7385087341562107,76,Mountain Cult,Untitled 07
-0.19999999999999996,-0.525,blues/soul,1,0.8410289855739642,77,The Rope River Blues Band,Yr Blues Tripping
-0.4,-0.275,blues/soul,1,0.639334701524812,78,Mr. & Mrs. Smith,How to go to sleep
0.125,0.125,blues/soul,2,0.878598081778763,79,Digital Primitives,No Holiday
0.25,0.02499999999999991,blues/soul,2,0.783368526602392,80,Lorenzo's Music,Roulette
0.2749999999999999,-0.275,blues/soul,4,0.8718815638919079,81,The Agrarians,The Newest Fashions
-0.525,-0.375,blues/soul,1,0.8778371485954087,82,Mr. & Mrs. Smith,Goin On
0.2749999999999999,0.19999999999999996,blues/soul,2,0.5887700396807769,83,Paul  Wine  Jones,If You Love Me Like You Say
0.2250000000000001,0.1499999999999999,blues/soul,2,0.7817577266300856,84,Mount Carmel,Swallow Me Up
0.5249999999999999,0.30000000000000004,blues/soul,0,0.9708385329480153,85,Lantern,Out Of Our Heads
0.10000000000000009,0.1499999999999999,blues/soul,2,0.8801452632703964,86,Eat at Joe's,Eat at Joe's
0.07499999999999996,-0.6,blues/soul,1,0.5537536307056642,87,Mountain Cult,Untitled 04
0.42500000000000004,0.125,blues/soul,0,0.7046996564171815,88,Lorenzo's Music,We All Fall Down
-0.125,-0.050000000000000044,blues/soul,3,0.5831493784807569,89,The New Mystikal Troubadours,Common Experiences Man
-0.17500000000000004,-0.19999999999999996,blues/soul,3,0.4251061518167919,90,Fit and the Conniptions,Wood For The Trees
-0.125,0.125,blues/soul,3,0.5510834915763462,91,Sim Cain,One
0.19999999999999996,-0.07499999999999996,blues/soul,2,0.6479251058707799,92,The Rope River Blues Band,Further
0.55,0.25,blues/soul,0,0.9670181646632299,93,Betsy Olson,Waitin' (Live @ KEXP)
-0.42500000000000004,-0.10000000000000009,blues/soul,3,0.6200210567942378,95,Steve Gunn,Old Strange
0.44999999999999996,0.4750000000000001,blues/soul,0,0.9811813585357156,96,The Devil Makes Three,Aces and Twos (Live @ KEXP)
-0.17500000000000004,-0.575,blues/soul,1,0.8615934376862742,98,The Agrarians,The Index of Memory
-0.17500000000000004,-0.2250000000000001,blues/soul,3,0.37509227073776624,99,The New Mystikal Troubadours,Chamber Blues' Tidal Band Presents
-0.4,-0.55,blues/soul,1,0.938978495455395,101,Mr. & Mrs. Smith,Least the Ocean is Wet
0.375,0.10000000000000009,blues/soul,0,0.5127013047450822,102,Marisa Anderson,Electricity
0.1499999999999999,-0.42500000000000004,blues/soul,4,0.7685308426682131,103,Mountain Cult,Untitled 01
0.2749999999999999,-0.42500000000000004,blues/soul,4,0.9237922479734871,104,The Rope River Blues Band,Ben Jonson's Blues
0.375,0.0,blues/soul,2,0.5317572723169839,105,mojo monkeys,Girl Might Do
-0.10000000000000009,-0.42500000000000004,blues/soul,1,0.6077616981408214,106,Fit and the Conniptions,Wander In A Dream
0.25,-0.050000000000000044,blues/soul,2,0.6875324202699368,107,Tarred Brigade,We Three Kings
-0.125,-0.19999999999999996,blues/soul,3,0.3976755358237729,108,Califone,Giving Away The Bride (Live @ KEXP)
-0.1499999999999999,-0.125,blues/soul,3,0.5442213147181569,109,The Agrarians,You're the Wave  Wander!
-0.1499999999999999,-0.55,blues/soul,1,0.8242138963076029,110,The Agrarians,(Come On and Feele) The Faith in Me
0.07499999999999996,0.07499999999999996,blues/soul,2,0.8310949298924897,111,Jawbone,Drop Down Low
0.44999999999999996,0.3500000000000001,blues/soul,0,0.9519916696353914,112,Barrence Whitfield and The Savages,Big Mamou
0.10000000000000009,-0.30000000000000004,blues/soul,4,0.7226262825370339,113,The New Mystikal Troubadours,(Shuffling Towards) Art's Holy Shrine
-0.050000000000000044,0.17500000000000004,blues/soul,2,0.6878579436153466,114,Vieux Farka Touré,Inne (Live @ KEXP)
0.8500000000000001,0.7,blues/soul,0,0.9999616832917594,115,Barrence Whitfield and The Savages,Bip Bop Bip
-0.1499999999999999,-0.275,blues/soul,1,0.36949165345894036,116,Fit and the Conniptions,Mistress Song
-0.275,0.0,blues/soul,3,0.8163675305915827,117,Delta Dreambox,Queen of Loneliness
-0.02499999999999991,-0.10000000000000009,blues/soul,3,0.35292734560662636,118,Cooper-Moore & Assif Tsahar,America
-0.17500000000000004,-0.44999999999999996,blues/soul,1,0.7385087341562107,119,Amen Dunes,Ethio Song
-0.30000000000000004,0.0,blues/soul,3,0.8273485633550552,120,Steve Gunn,Mr Franklin
-0.475,-0.275,blues/soul,1,0.7066960268463757,121,Mr. & Mrs. Smith,The not so flashy Exit
0.125,-0.10000000000000009,blues/soul,2,0.5443755807692604,122,The Agrarians,The Attack of Ev'ry Time
0.2749999999999999,0.30000000000000004,blues/soul,0,0.5874118978522027,123,Vieux Farka Touré,Awei Womei (Live @ KEXP)
-0.32499999999999996,-0.55,blues/soul,1,0.9180479840278025,124,The Agrarians,The Banks of Eternity
-0.125,-0.19999999999999996,blues/soul,3,0.3976755358237729,125,The Agrarians,Songtress' Sweet Song
0.02499999999999991,0.2749999999999999,classical,2,0.8473664325615194,126,Lee Maddeford,Le petit jardin (with Les Gauchers Orchestra)
-0.5,0.07499999999999996,classical,3,0.9006581211083121,127,Evgeny Grinko,Sunset
-0.35,-0.25,classical,1,0.5267461602374086,128,Fabrizio Paterlini,Veloma
-0.19999999999999996,0.25,classical,3,0.7537987435009391,129,Oskar Schuster,Sneeuwland
-0.42500000000000004,-0.19999999999999996,classical,1,0.4674500895544227,130,Jared C. Balogh,Strides
0.2749999999999999,-0.02499999999999991,classical,2,0.7076453676026676,131,Dexter Britain,Wonderland (Instrumental)
-0.55,-0.7,classical,1,0.9828808711541529,133,Ophir Ilzetzki,Aleph
0.10000000000000009,0.25,classical,2,0.864722935107313,134,Dexter Britain,Summers Coming
-0.32499999999999996,-0.375,classical,1,0.7635113105877737,135,Jody Pou,O Solitude (H
0.44999999999999996,0.30000000000000004,classical,0,0.9307123751563366,136,Mystic Morrison Visions,Fourth
-0.17500000000000004,0.19999999999999996,classical,3,0.6873347342984664,137,Aaron Dunn-Sonatina No. 1 in C Major,I
-0.30000000000000004,-0.65,classical,1,0.9452434049383847,138,Silver Process,Encounters With Abusive Men
-0.19999999999999996,-0.125,classical,3,0.5860090135457106,140,Jared C. Balogh,Shaking Off The Rust
-0.10000000000000009,-0.050000000000000044,classical,3,0.5291450323742262,142,Circus Marcus-Aux puces nº2,Carosello
-0.25,-0.02499999999999991,classical,3,0.7733240573085072,143,Circus Marcus,Aux puces nº5
-0.4,-0.07499999999999996,classical,3,0.6950813011644152,144,krackatoa,The Passing of Time
-0.475,0.10000000000000009,classical,3,0.9260171087904621,145,Kevin MacLeod,The Forest and the Trees
-0.65,-0.375,classical,1,0.9140372812872982,146,Marcel Pequel,Nine
-0.07499999999999996,0.0,classical,3,0.4595167286265362,148,krackatoa,Bending Light Infinity version
-0.4,-0.475,classical,1,0.9045161658375893,149,Kevin MacLeod,Gagool
0.0,0.10000000000000009,classical,2,0.7437753361256504,150,Steven Arntson,Bow to Your Neighbor (Excerpt)
-0.25,-0.125,classical,3,0.6058832632527024,151,James Beaudreau,Pacifico
-0.1499999999999999,0.1499999999999999,classical,3,0.6229711768989917,152,Dexter Britain,The Tea Party
-0.275,-0.125,classical,3,0.6088058758498711,153,Evgeny Grinko,Blizzard
-0.19999999999999996,-0.2250000000000001,classical,3,0.37926040946852557,154,Lee Maddeford,Ouverture
-0.35,0.10000000000000009,classical,3,0.9225564048011176,155,Jared C. Balogh,Cyprus
0.3500000000000001,0.42500000000000004,classical,0,0.9086603204190635,156,Lee Maddeford,Wheel of fortune (with Les Gauchers Orchestra)
-0.25,0.30000000000000004,classical,3,0.8691662943050332,157,Jamie Evans,Opening Doors
-0.725,-0.35,classical,1,0.9112625817550484,158,Peter Rudenko,5 00 AM
-0.30000000000000004,-0.475,classical,1,0.8606284912340961,159,Silver Process,Awaken From A Nightmare
-0.375,-0.375,classical,1,0.7996676384216883,160,Advent Chamber Orchestra-Bughici,Suite for Violin 9 Hora vivace
0.32499999999999996,-0.375,classical,4,0.9536997533393298,161,MIT Concert Choir,O Fortuna
-0.32499999999999996,-0.10000000000000009,classical,3,0.6614499312836953,162,Circus Marcus,Le bal de Rémy
-0.35,-0.125,classical,3,0.5947094846240526,163,Jared C. Balogh,Caught In A Realm
-0.2250000000000001,-0.525,classical,1,0.8573448950241642,164,Silver Process-Skid,Row Night
-0.475,-0.19999999999999996,classical,1,0.519900410695681,166,Dexter Britain,Stop It (Instrumental)
-0.575,-0.42500000000000004,classical,1,0.9260992134807798,167,Circus Marcus-Aux puces nº1,Les chaises Louis XVI
-0.42500000000000004,-0.4,classical,1,0.8571960182298916,168,Kevin MacLeod,Funeral March for Brass
-0.65,-0.55,classical,1,0.9719343297844507,169,Jody Pou,Black Coffee
-0.5,0.0,classical,3,0.7997929578471228,170,Circus Marcus-Aux puces nº6,La Flor de Olmedo
-0.725,-0.35,classical,1,0.9112625817550484,171,Chris Zabriskie,That Kid in Fourth Grade Who Really Liked the Denver Broncos
-0.30000000000000004,0.0,classical,3,0.8273485633550552,172,Chris Zabriskie,The Temperature of the Air on the Bow of the Kaleetan
-0.10000000000000009,-0.7,classical,1,0.8820928084774646,173,Andrew Bisset-Cultural Dis,Ease
-0.25,-0.30000000000000004,classical,1,0.5440184552722577,174,Jamie Evans,War And Peace
-0.32499999999999996,-0.17500000000000004,classical,3,0.47568757365061615,175,Steven Arntson,Don't You Want to Go to Heaven Uncle Sam
-0.65,-0.275,classical,1,0.8200616727336547,176,Marcel Pequel,Six
-0.050000000000000044,0.1499999999999999,classical,2,0.6690935886076532,177,IKOS David Clifton with the choirs of Peterborough Cathedral,O Come O Come Emmanuel
-0.55,-0.32499999999999996,classical,1,0.8370933204197738,178,K-Conjog,Uno Is Walking
0.050000000000000044,0.25,classical,2,0.8653853029865862,179,Dexter Britain,The Time To Run
-0.050000000000000044,0.2250000000000001,classical,2,0.7138742929881061,180,Jared C. Balogh,Bridging and Mending
-0.32499999999999996,-0.625,classical,1,0.9445538136915309,181,Steven Arntson,A Muddy Heart
-0.7,-0.32499999999999996,classical,1,0.889116643530917,182,Jessica Pavone,Dedicated to Elizabeth Cotten (with Matt Bauder)
-0.35,-0.4,classical,1,0.8149591593891325,184,Fabrizio Paterlini-Forever blue (March Rosetta re,imagined version)
-0.02499999999999991,-0.10000000000000009,classical,3,0.35292734560662636,185,Kevin MacLeod,Ghost Dance
-0.32499999999999996,-0.25,classical,1,0.500518637305552,186,Dexter Britain,Nights Tale
-0.625,-0.32499999999999996,classical,1,0.8683468766885022,187,Evgeny Grinko,Other Child Room
-0.25,-0.42500000000000004,classical,1,0.7738171514551648,188,Lee Maddeford,Tom's Lullaby (with Les Gauchers Orchestra)
0.375,0.5249999999999999,classical,0,0.9673744293562603,189,Sláinte,Wild Rover with Bellevue Chamber Chorus
-0.55,-0.475,classical,1,0.9427911114047722,190,Kevin MacLeod,Virtutes Instrumenti
0.02499999999999991,0.32499999999999996,classical,2,0.8374398867204279,191,Kimiko Ishizaka,Variatio 14 a 2 Clav
0.19999999999999996,0.2749999999999999,classical,2,0.6832009127233446,192,Steven Arntson,Lucky
-0.2250000000000001,-0.5,classical,1,0.8367136277966316,193,Matthew Mehlan,Hands
-0.575,-0.07499999999999996,classical,3,0.5525480526287312,194,Jamie Evans,Reminiscence
-0.19999999999999996,-0.575,classical,1,0.8768020818123502,195,Rebecca Foon,Golden Alley Reprise
-0.17500000000000004,-0.125,classical,3,0.5680627282902145,196,Lanark,Borodin Butterfly
-0.7,-0.55,classical,1,0.97430858037193,197,Marcel Pequel,Eight
-0.775,-0.42500000000000004,classical,1,0.9493437711726159,198,Lee Rosevere,Red Danube
0.07499999999999996,0.17500000000000004,classical,2,0.875881768816886,199,John Harrison with the Wichita State University Chamber Players,Spring Mvt 1 Allegro
-0.32499999999999996,-0.050000000000000044,classical,3,0.7608841670745166,201,Circus Marcus,Les crocodiles mangent aussi les bonshommes Wizzards
-0.10000000000000009,0.050000000000000044,classical,3,0.509918240965256,202,Chance's end,God Rest Ye Merry Gentlemen
-0.375,-0.050000000000000044,classical,3,0.7556394928566552,203,Jared C. Balogh,WATCHING IT SNOW WHILE THINKING OF YOU
-0.35,-0.7,classical,1,0.9644908055502357,204,Joe Merolla,Sinfonia di Violoncello e AM RadioFinitura
-0.5,-0.125,classical,3,0.4867834241550572,205,Chris Zabriskie,Prelude No
-0.675,-0.6,classical,1,0.9796004681251379,206,Ophir Ilzetzki,Unisons
-0.050000000000000044,-0.050000000000000044,classical,3,0.40853543290046596,207,Dexter Britain,Notebook Reading
-0.050000000000000044,0.375,classical,2,0.7174197257517115,208,Dexter Britain,Leave Well Enough Alone (Instrumental)
-0.475,-0.10000000000000009,classical,3,0.5823448637256962,209,Kevin MacLeod,Amazing Grace 2011
-0.19999999999999996,0.125,classical,3,0.7706339336330504,210,Advent Chamber Orchestra-Bughici,Suite for Violin 8 Ardeleneascamoderato
-0.475,-0.02499999999999991,classical,3,0.7656527800952502,211,Dexter Britain,After Christmas
-0.10000000000000009,0.10000000000000009,classical,3,0.48155983601509506,212,Dexter Britain,My Song For January
-0.6,-0.625,classical,1,0.9788845724968019,213,Silver Process,Graveyard Illusions
-0.35,-0.2250000000000001,classical,1,0.4595673500179317,214,Arnaud Roy,Blue sox
-0.44999999999999996,-0.6,classical,1,0.9614310425084198,215,Silver Process,In A Party Watching A Party
-0.125,0.07499999999999996,classical,3,0.5755078919735118,216,Lloyd Rodgers,On Things Invisible to the Eye (Act II)
-0.375,-0.050000000000000044,classical,3,0.7556394928566552,217,Jamie Evans,Haunted
-0.525,-0.25,classical,1,0.6956215408524246,218,Evgeny Grinko,the piano of the old seaman
-0.65,-0.30000000000000004,classical,1,0.8510176694155571,219,The New Heaven and The New Earth,The Book of Floating
-0.2250000000000001,-0.4,classical,1,0.714962881798687,220,Silver Process,Jazz Band With Jazz Hands
-0.17500000000000004,-0.4,classical,1,0.6615313476535187,221,The New York Underground Orchestra (Conducted By Assif Tsahar),First
-0.30000000000000004,-0.17500000000000004,classical,3,0.4847539953362906,222,Ophir Ilzetzki,ha'zman
-0.7,-0.375,classical,1,0.9224549013851069,223,Marcel Pequel,One
0.125,0.17500000000000004,classical,2,0.8774731618830967,224,LE CHEVALIER DE RINCHY,jingles interludes et dimanche minuit
-0.32499999999999996,-0.19999999999999996,classical,3,0.4116565848697615,225,Jared C. Balogh,The Anticipation Of Spring
-0.02499999999999991,0.0,classical,2,0.527015607351234,226,Jared C. Balogh,A TOUGH DECISION
-0.475,-0.375,classical,1,0.8564088505693492,227,Jared C. Balogh,SELF REFLECT
-0.375,-0.25,classical,1,0.5527053163340473,228,Evgeny Grinko,Woody Allen
-0.050000000000000044,-0.050000000000000044,classical,3,0.40853543290046596,229,Dexter Britain,Slow Motion Strut Version Two
-0.2250000000000001,0.1499999999999999,classical,3,0.8222796427601733,231,Dexter Britain,Train
-0.625,-0.575,classical,1,0.9741929878456521,232,Advent Chamber Orchestra-Dvorak,Serenade for Strings Op22 in E Major larghetto
-0.07499999999999996,-0.125,classical,3,0.4377729833771768,233,Jared C. Balogh,HURRY UP AND RAIN
-0.375,-0.275,classical,1,0.6150378444245043,234,Jessica Pavone,Dedicated to Leroy Jenkins
-0.5,-0.32499999999999996,classical,1,0.8100915839365355,235,Steven Arntson,Flight of the Moth
-0.625,-0.65,classical,1,0.9824211261118813,236,Chuck Bettis & Joe Merolla,Transmutation Of Metals
-0.19999999999999996,-0.275,classical,1,0.42751145828421483,237,Steven Arntson,Birth
-0.5,-0.10000000000000009,classical,3,0.5596330794316,238,Kevin MacLeod-J. S. Bach  Prelude in C,BWV 846
-0.675,-0.42500000000000004,classical,1,0.9422682767182469,239,Marcel Pequel,Seven
0.3500000000000001,0.3999999999999999,classical,0,0.8913790939485099,240,Puh,Gammelvals
-0.2250000000000001,-0.10000000000000009,classical,3,0.6460340547885988,241,Dexter Britain,After The Week I've Had
-0.375,-0.07499999999999996,classical,3,0.7045375102040339,242,IKOS David Clifton with the choirs of Peterborough Cathedral,Silent Night
0.55,-0.2250000000000001,classical,4,0.9644044533809009,243,MIT Concert Choir,Ave formosissima — O Fortuna (reprise)
-0.17500000000000004,-0.19999999999999996,classical,3,0.4251061518167919,244,Steven Arntson,Valediction
-0.19999999999999996,0.2749999999999999,classical,3,0.7522712034633452,245,Advent Chamber Orchestra-Handel,Entrance to the Queen of Sheba for Two Oboes Strings and Continuo allegro
-0.02499999999999991,-0.44999999999999996,classical,1,0.5304023579471703,246,Silver Process,Traumatic Childhood
-0.275,-0.125,classical,3,0.6088058758498711,247,Jared C. Balogh,Micro Composition 10
-0.4,-0.32499999999999996,classical,1,0.7410194495483221,248,Dexter Britain,Chasing Time
-0.4,-0.35,classical,1,0.7815051969487908,250,John Harrison with the Wichita State University Chamber Players,Winter Mvt 3 Allegro
0.3999999999999999,-0.625,folk/country,4,0.9605531083051092,253,The Rope River Blues Band,Dance!
0.07499999999999996,0.6000000000000001,folk/country,2,0.4713914484057091,254,Scott Joplin,Original Rags (1900 piano roll)
0.6499999999999999,0.4750000000000001,folk/country,0,0.9982486710707899,257,Stompin' Riff Raffs,Wine Wine Wine
-0.17500000000000004,-0.17500000000000004,folk/country,3,0.4750985712060309,258,Mr. & Mrs. Smith,ChainSmoke Days
0.07499999999999996,-0.35,folk/country,4,0.6788115526296136,260,The Moaners,Detroit
0.1499999999999999,0.4750000000000001,folk/country,0,0.49776517474923604,262,Scott Joplin,The Entertainer (1902 piano roll)
0.07499999999999996,0.125,folk/country,2,0.8624852952468405,264,Peter Case,House Rent Jump
-0.125,0.3500000000000001,folk/country,3,0.4994277421650352,265,George P. Watson,Emmet's Cuckoo Song
-0.35,-0.050000000000000044,folk/country,3,0.7598103956616299,266,Jason Shaw,SOLO ACOUSTIC GUITAR
-0.17500000000000004,-0.050000000000000044,folk/country,3,0.669200762360092,269,Paper Navy,Swan Song
0.2749999999999999,0.5249999999999999,folk/country,0,0.8891810399167546,270,John H. Glover-Kind,I Do Like To Be Beside The Seaside (1907 piano roll)
0.2250000000000001,0.3500000000000001,folk/country,0,0.5171239425911077,272,Jason Shaw,JENNY'S THEME
0.10000000000000009,0.55,folk/country,2,0.4950573142167039,273,Shake That Little Foot,Western Country
0.675,0.25,folk/country,0,0.9886274345172993,274,LE CLUB DES CHATS,Mochi
0.07499999999999996,0.125,folk/country,2,0.8624852952468405,275,Caühaüs,Rednecks with White Faces
0.2749999999999999,0.07499999999999996,folk/country,2,0.7431240882936424,276,Secret Jane,Blackberry Hedge
0.125,0.02499999999999991,folk/country,2,0.8175864233345844,278,Jason Shaw,ACOUSTIC BLUES
-0.35,-0.07499999999999996,folk/country,3,0.7110520481824079,279,Krestovsky,Party
-0.19999999999999996,-0.42500000000000004,folk/country,1,0.7284263655224723,280,Flying Cloud,Upper Room
0.10000000000000009,0.5,folk/country,2,0.5859229929679272,281,Percy Wenrich,The Smiler (1907Zonophone Concert Band)
-0.44999999999999996,-0.19999999999999996,folk/country,1,0.4936609034711057,282,Dr. Frankenstein,Have You Seen It
-0.1499999999999999,0.050000000000000044,folk/country,3,0.6553413805411005,284,Jahzzar,Last Dance
-0.375,0.02499999999999991,folk/country,3,0.866890729445717,285,Lucas Gonze,Death Valley Waltz
0.17500000000000004,0.4750000000000001,folk/country,0,0.5844246954293807,286,Scott Joplin-Maple Leaf Rag (1899 Geisz version),Z. Brewster
-0.375,0.050000000000000044,folk/country,3,0.8916333109223871,288,Jason Shaw,WORDS
0.17500000000000004,0.42500000000000004,folk/country,2,0.49550715037387266,289,Scott Joplin,Pine Apple Rag (1908 piano roll)
-0.725,-0.275,folk/country,1,0.846760142059909,290,Abe Sada,The City
0.575,0.6000000000000001,folk/country,0,0.9984224305491313,292,Stompin' Riff Raffs,Horror Show
0.32499999999999996,-0.19999999999999996,folk/country,4,0.7782542638831473,293,Party People in a Can,Ayahuasca
0.125,0.375,folk/country,2,0.7219561892805078,294,Moore and Gardner,Chinese Blues (1916 George Gershwin piano roll)
0.2250000000000001,0.17500000000000004,folk/country,2,0.7567645064129039,296,Caravan of Thieves,Candy
-0.475,-0.35,folk/country,1,0.8284396391878054,297,Wooden Ambulance,My Friend
-0.25,0.10000000000000009,folk/country,3,0.8560628400796385,298,Moore & Sons,Obvious
-0.55,-0.17500000000000004,folk/country,1,0.5261365719104862,299,Jason Shaw,RUNNING WATERS
0.44999999999999996,-0.125,folk/country,4,0.7001013002338307,300,The Brought Low,What I Found
-0.44999999999999996,-0.32499999999999996,folk/country,1,0.7780585351933244,301,Shane Tutmarc,Never Turnin' Back (Live @ KEXP)
0.3999999999999999,0.5,folk/country,0,0.9711488726627494,302,Rose's Pawn Shop,Danger Behind The Wheel (Live @ KEXP)
0.5,0.3500000000000001,folk/country,0,0.9734467496872211,303,The Canoes,American English
-0.30000000000000004,-0.10000000000000009,folk/country,3,0.6637887192701695,304,Jeremy Cohen & Matt Munisteri,Rose Room
0.3500000000000001,0.44999999999999996,folk/country,0,0.9234264733530785,305,Rex Allen,Riding Down To Mexico
0.17500000000000004,0.42500000000000004,folk/country,2,0.49550715037387266,306,James Scott,Frog Legs Rag (1906 piano roll)
0.2749999999999999,0.44999999999999996,folk/country,0,0.8185834767136556,307,Shake That Little Foot,Turkey in the Straw
-0.17500000000000004,0.3999999999999999,folk/country,3,0.6924244643668547,308,Jason Shaw,WHEELS
0.07499999999999996,0.19999999999999996,folk/country,2,0.8772509108618896,309,Dr. Frankenstein,Theme for  The Mad Thinker
-0.725,-0.575,folk/country,1,0.9783062969939299,310,Mr. & Mrs. Smith,Neighborhood Funeral Dress
0.19999999999999996,0.4750000000000001,folk/country,0,0.6651198643878908,311,Caravan of Thieves,Ghostwriter
-0.10000000000000009,0.19999999999999996,folk/country,2,0.5488241063623319,312,Austin Leonard Jones,Wild Guide
-0.35,0.07499999999999996,folk/country,3,0.9076801988710189,313,Jason Shaw,TRAVEL LIGHT
0.19999999999999996,0.2250000000000001,folk/country,2,0.7522323585715532,314,Austin Leonard Jones,Ox Driving Song
0.3500000000000001,0.625,folk/country,0,0.9788757664911363,315,Shake That Little Foot,Scotland the Brave
-0.55,-0.375,folk/country,1,0.8869755611972212,316,Kenny Tudrick,The River
0.2749999999999999,-0.17500000000000004,folk/country,4,0.6580203172195338,317,Waylon Thornton,Rose Water
0.2250000000000001,0.2250000000000001,folk/country,2,0.6920958225153659,318,Dr. Frankenstein,Emergency Exit
-0.125,0.3999999999999999,folk/country,3,0.5140807060780276,319,Lucas Gonze,Frog In The Well
0.6000000000000001,0.3999999999999999,folk/country,0,0.9943966932551743,320,Stompin' Riff Raffs,99 Chicks
0.575,0.25,folk/country,0,0.9745966587804884,321,Dr. Frankenstein,Necrófago
0.2749999999999999,0.6499999999999999,folk/country,0,0.9542131456118605,322,Pee Wee King,I Wanna Say Hello
-0.04499999999999993,0.1825000000000001,folk/country,2,0.7058757111681746,323,The Water Tower Bucket Boys,Pilgim Song (Live @ KEXP)
-0.42500000000000004,-0.07499999999999996,folk/country,3,0.6828105054421184,324,Jason Shaw,SERENITY
0.125,0.10000000000000009,folk/country,2,0.8724269647649258,325,Chatham County Line,Birmingham Jail
0.10000000000000009,0.55,folk/country,2,0.4950573142167039,326,Jason Shaw,THINGAMAJIG
0.25,0.5249999999999999,folk/country,0,0.8516740672263257,327,Bandana Splits,Ricky Dee
0.050000000000000044,-0.19999999999999996,folk/country,4,0.5594154049259028,328,U Can Unlearn Guitar,Imna 'Merican
-0.42500000000000004,-0.19999999999999996,folk/country,1,0.4674500895544227,329,Edith Frost,Cars and Parties
0.2250000000000001,-0.475,folk/country,4,0.8547534598593576,330,Vonn Krapp Family,Loco Two
0.125,0.4750000000000001,folk/country,2,0.5593304020462523,332,Jason Shaw,FUNKY JUNKY
0.42500000000000004,0.2749999999999999,folk/country,0,0.8900718868330028,333,Thee Irma & Louise,Live at the Winston
0.2250000000000001,0.2250000000000001,folk/country,2,0.6920958225153659,334,Universal Jubilaires,Childhood Days
0.44999999999999996,0.44999999999999996,folk/country,0,0.9772654121283291,335,Trampled By Turtles,Help You (Live @ KEXP)
0.2749999999999999,0.3999999999999999,folk/country,0,0.7544810145169953,336,The Shut-Ins,Rock n Roll McDonald's
-0.5,-0.30000000000000004,folk/country,1,0.7721360353527456,338,Bureaucratica,Southern Gothic
0.2250000000000001,0.4750000000000001,folk/country,0,0.7363948419438069,339,Jason Shaw,ROCKY TOP
-0.30000000000000004,-0.10000000000000009,folk/country,3,0.6637887192701695,340,Peter Case,30 Days in the Workhouse
-0.30000000000000004,-0.1499999999999999,folk/country,3,0.5473492016652708,341,Audra Kubat,Columbine
-0.25,0.02499999999999991,folk/country,3,0.820628188810937,342,Jason Shaw,ACOUSTIC MEDITATION
0.5,0.7749999999999999,folk/country,0,0.9989816409976995,343,Chatham County Line,Clear Blue Sky
-0.10000000000000009,0.050000000000000044,folk/country,3,0.509918240965256,344,Jason Shaw,ONE FINE DAY
0.55,0.375,folk/country,0,0.9878454408760026,345,Stompin' Riff Raffs,You Shake Me
0.42500000000000004,0.575,folk/country,0,0.9880089141143288,346,Jason Shaw,TENNESEE HAYRIDE
-0.29500000000000004,0.20500000000000007,folk/country,3,0.923214666494527,347,Johnny Bond,Goodbye Old Paint
0.0,0.17500000000000004,folk/country,2,0.7982949229574408,348,Austin Leonard Jones,I Wish I Was A Headlight
-0.10000000000000009,0.19999999999999996,folk/country,2,0.5488241063623319,349,Jim Long,There Were Some Famous Artists
0.25,0.375,folk/country,0,0.6450059685014901,350,Jason Shaw,BACK TO THE WOODS
0.125,-0.125,folk/country,2,0.46415171534370503,352,Lucas Gonze,Talk About Suffering
-0.25,-0.050000000000000044,folk/country,3,0.7407147550816904,353,Johnny Bond,Birmingham Jail
0.5249999999999999,0.3500000000000001,folk/country,0,0.9802190320218829,354,Eric Villa,If Not For Your Sweet Heart
0.02499999999999991,0.375,folk/country,2,0.8168860074231968,355,Al Duvall-Stuck On A Hat,Check Girl
-0.10000000000000009,0.1499999999999999,folk/country,2,0.510674129235511,356,Jason Shaw,SNAPPY
-0.050000000000000044,0.375,folk/country,2,0.7174197257517115,357,D. Charles Speer & the Helix,Red Clay Road
0.1499999999999999,-0.19999999999999996,folk/country,4,0.6323327604254294,358,Bill Crosson,Love Song To Little Trees
-0.625,-0.32499999999999996,folk/country,1,0.8683468766885022,359,Jahzzar,Bed
-0.625,0.125,folk/country,3,0.9068388214120721,360,Jason Shaw,NICE AND EASY
-0.6125,-0.41000000000000003,folk/country,1,0.9261644333571376,361,Jason Shaw,AUTUMN SUNSET
-0.25,0.2250000000000001,folk/country,3,0.8672635496894543,362,Jason Shaw,RIVER MEDITATION
0.125,0.375,folk/country,2,0.7219561892805078,364,Jason Shaw,MOUNTAIN SUN
0.25,0.5249999999999999,folk/country,0,0.8516740672263257,365,Shake That Little Foot,Waterbound
0.4750000000000001,0.2749999999999999,folk/country,0,0.9374513359431195,366,Golden Boys,Dirty Fingernails
-0.475,-0.575,folk/country,1,0.9596622656865695,367,Tift Merritt,After Today
-0.050000000000000044,0.2749999999999999,folk/country,2,0.7265829580974378,368,Spade Cooley &  the Western Swing Dance Gang Feat. Tex Williams,Better Do It Now
-0.525,-0.4,folk/country,1,0.8976636610497233,369,Mr. & Mrs. Smith,Mr
-0.30000000000000004,-0.4,folk/country,1,0.7799712366407421,370,The Trumpeteers,Little Wooden Church
0.050000000000000044,0.3999999999999999,folk/country,2,0.7986631347130825,371,Stapleton Brothers-Call of the Whip-Poor,Will
-0.35,-0.050000000000000044,folk/country,3,0.7598103956616299,372,QQQ,Runaway Puppy
0.5,-0.02499999999999991,folk/country,0,0.45696686118953933,374,The Crevulators,Gambler's Blues
-0.775,-0.55,folk/country,1,0.9760487705180072,375,Mr. & Mrs. Smith,Bit a Bullet
0.0,0.2250000000000001,electronic,2,0.8153871073483633,376,Broke For Free,Night Owl
0.125,0.2250000000000001,electronic,2,0.8608266657215441,378,Graphiqs Groove,Deep Sky Blue
-0.775,-0.525,electronic,1,0.9724333649248734,379,LJ Kruzer,Chantiers Navals 412
0.1499999999999999,-0.050000000000000044,electronic,2,0.7007717665491039,380,Macaw,Five Minutes at the Rainforest Cafe
0.25,0.42500000000000004,electronic,0,0.7273326851389507,381,Hot Fire-Them Never Love No Bans,DnB Mix (Germany)
-0.19999999999999996,-0.35,electronic,1,0.5966575468275123,383,Neuroleptic Trio,Neuroleptic trio instrumental 5
-0.35,-0.2250000000000001,electronic,1,0.4595673500179317,384,Ghost Hunter,Whirlwind Dance
0.0,0.125,electronic,2,0.7665234577802158,386,Broke For Free,As Colorful As Ever
0.30000000000000004,0.30000000000000004,electronic,0,0.6644449128471235,387,Risey,Memories Of Thailand (Beat Doctor's 'stuck in Britain' remix)
0.17500000000000004,0.30000000000000004,electronic,2,0.7104054531900351,390,Beat Culture,Midori
0.125,0.2749999999999999,electronic,2,0.8295616938229521,391,Morphamish,Another Position (original mix)
-0.4,-0.050000000000000044,electronic,3,0.7486308463118254,392,Ghostly Dust Machine,Ode To A Baby Snowstorm
0.25,0.3500000000000001,electronic,0,0.5998925048454339,393,Max Tundra,Lysine
0.42500000000000004,0.30000000000000004,electronic,0,0.9077685286097298,395,Foniqz,Spectrum (Subdiffusion Mix)
0.5,0.5,electronic,0,0.9915613054241822,397,Lucky Dragons,Mercy
0.42500000000000004,0.5,electronic,0,0.9788137947678449,399,Dexter Britain,Waking Up (Instrumental)
0.02499999999999991,0.1499999999999999,electronic,2,0.8241268023640488,400,Asthmatic Astronaut,Run The Tape
0.125,0.3500000000000001,electronic,2,0.7545497134572653,401,Broke For Free,Something Elated
0.5249999999999999,0.5249999999999999,electronic,0,0.9948600722329657,402,Patrick Lee,Quittin' Time
0.02499999999999991,0.050000000000000044,electronic,2,0.7333233805187364,403,Daddy_Scrabble,Flying pea v
0.4750000000000001,0.44999999999999996,electronic,0,0.9832361632573736,404,Broke For Free,Calm The Fuck Down
0.2749999999999999,0.6000000000000001,electronic,0,0.9344037751931467,405,Kevin MacLeod,Presenterator
0.07499999999999996,-0.17500000000000004,electronic,4,0.5246450693705359,406,Smersh,My God Those Legs
-0.17500000000000004,-0.125,electronic,3,0.5680627282902145,407,Digi G'Alessio-ekiti son feat valeska,april deegee rmx
0.3999999999999999,0.2749999999999999,electronic,0,0.8554210266355697,408,EeL,snow world under the white moon
-0.30000000000000004,0.02499999999999991,electronic,3,0.8528460454032462,410,Zero V,Twinkling
0.25,0.050000000000000044,electronic,2,0.7902034552110612,415,Phoniandflore,Dubsteady
0.125,0.050000000000000044,electronic,2,0.8429867768124276,416,Bitbasic,Please Mind the Dubstep
-0.42500000000000004,-0.25,electronic,1,0.6033591469683406,419,Antiphon,over and under
-0.125,0.10000000000000009,electronic,3,0.563693738812139,420,Casetofoane,90
-0.55,-0.32499999999999996,electronic,1,0.8370933204197738,422,Lee Rosevere,Moonlight and Roses
0.050000000000000044,-0.125,electronic,4,0.3903495604392399,423,Glass Boy,My Pretty Looking Clothes
0.5249999999999999,0.44999999999999996,electronic,0,0.9908444405041568,425,Decktonic,Stars
0.07499999999999996,0.07499999999999996,electronic,2,0.8310949298924897,426,Asura,Whispering Through
0.050000000000000044,0.19999999999999996,electronic,2,0.8651848829959313,427,Tours,Enthusiast
0.3999999999999999,0.3999999999999999,electronic,0,0.9396527676827577,428,Revolution Void,How Exciting
-0.42500000000000004,-0.17500000000000004,electronic,3,0.412869440061867,429,Chris Zabriskie,Divider
-0.25,-0.525,electronic,1,0.8717296631032084,430,Vitus Von Degen,Black Gloves
0.2749999999999999,0.125,electronic,2,0.6992163331414959,431,Dub Terminator,Dub steps
0.07499999999999996,0.07499999999999996,electronic,2,0.8310949298924897,432,Pierlo,Barbarian
-0.125,0.2250000000000001,electronic,3,0.5079237990300689,435,Broke For Free,Warm Up Suit
-0.17500000000000004,0.050000000000000044,electronic,3,0.7163180994625608,436,Digi G'Alessio,raw instrumental pt
0.050000000000000044,-0.17500000000000004,electronic,4,0.5101596704274252,437,Psychadelik Pedestrian,Night Beach
0.07499999999999996,0.32499999999999996,electronic,2,0.8386950798676073,440,Immortal Beats,Oh Wee
-0.10000000000000009,0.02499999999999991,electronic,3,0.5213190946004247,441,M.W.D.,Singing Forest
-0.2250000000000001,-0.125,electronic,3,0.5984514458445628,442,Volfoniq-Memori [Amentu Segretu,Arrogalla remix feat Andrea Congia]
-0.675,-0.625,electronic,1,0.9820428400734941,444,Augustus Bro & Gallery Six,People Living And Leaving Big Citys
-0.65,-0.10000000000000009,electronic,1,0.40224920805210573,445,Bacalao,Casual Graphic Designer
0.42500000000000004,0.375,electronic,0,0.9462542432275323,448,Anitek,Destination
-0.35,-0.30000000000000004,electronic,1,0.6476988414140438,449,Orbique,simple
-0.2250000000000001,0.0,electronic,3,0.7763915540026639,450,Ghosts,Grief And Sleep
-0.02499999999999991,-0.1499999999999999,electronic,4,0.41500533697737363,451,Thick Business,Smoothest Runes
0.11250000000000004,0.4375,electronic,2,0.6583222504955901,452,YACHT-Shangri,La (instrumental)
-0.10000000000000009,0.1499999999999999,electronic,2,0.510674129235511,453,Broke For Free,Only Instrumental
0.0,-0.050000000000000044,electronic,2,0.47697100482556093,454,Wake,Steppin
0.10000000000000009,0.17500000000000004,electronic,2,0.8814476520595428,455,Music For Your Plants,Expedition Chant Cup
0.2749999999999999,-0.675,electronic,4,0.803418609336181,456,Stickfigure,Crack in Time
-0.4,0.0,electronic,3,0.8336619024632165,458,Nameless Dancers,Night Fly
0.32499999999999996,0.2749999999999999,electronic,0,0.6935449479082006,459,Mutherpluckin' B,Cryin in the Delta Wind
-0.30000000000000004,-0.30000000000000004,electronic,1,0.5977187248200728,460,Flex Vector,Inner Demon
-0.050000000000000044,-0.1499999999999999,electronic,4,0.39811492657599423,461,Sycamore Drive,Ocean Breeze
0.19999999999999996,-0.10000000000000009,electronic,2,0.5747412522656408,462,Morsa-Erotic Post,Ironic (feat
0.0,0.17500000000000004,electronic,2,0.7982949229574408,463,Lomovolokno,Overlay Star
0.02499999999999991,0.1499999999999999,electronic,2,0.8241268023640488,464,Plurabelle,Ropes
0.3999999999999999,0.2250000000000001,electronic,0,0.7998828844238993,466,Fanas,Forever falling up
0.17500000000000004,0.44999999999999996,electronic,0,0.5375015270846046,467,Peter Sharp,Runtime error
-0.35,-0.4,electronic,1,0.8149591593891325,468,Zero V,Hiss
0.02499999999999991,0.07499999999999996,electronic,2,0.7645892436365715,469,Broke For Free,Knock Knock
0.375,0.050000000000000044,electronic,2,0.5087294242114299,472,Listen With Sarah,I
0.5249999999999999,0.125,electronic,0,0.8755511390383335,473,Illocanblo,SmurfPulser
0.1499999999999999,0.0,electronic,2,0.7954368849971576,475,Morphamish + MAKO,Ooo
0.5249999999999999,0.55,electronic,0,0.9957606474318791,477,Decktonic,Night Drive
-0.55,-0.44999999999999996,electronic,1,0.9326873786560864,478,Zero V,Initiation
-0.125,0.17500000000000004,electronic,3,0.5268576048593797,479,Jiony,Not Found (Invisible)
-0.575,-0.2250000000000001,electronic,1,0.6817376337899139,480,Lee Rosevere-Chapter Seven - Re,entry
-0.4,-0.07499999999999996,electronic,3,0.6950813011644152,481,Dexter Britain,Seeing The Future
-0.775,-0.375,electronic,1,0.9294927148216627,482,Julian Winter,LA
0.3500000000000001,0.375,electronic,0,0.8712850264971673,484,Beat Doctor,Got Me (club mix)
-0.6,-0.32499999999999996,electronic,1,0.8591348926636049,485,Psychadelik Pedestrian,Coral Reef
0.30000000000000004,0.17500000000000004,electronic,2,0.5544129462620296,486,Pulselooper,Neurociencia
-0.125,0.07499999999999996,electronic,3,0.5755078919735118,487,Foniqz,D2
-0.85,-0.4,electronic,1,0.9407806444142491,488,Blear Moon,Cold Summer Landscape
-0.10000000000000009,0.050000000000000044,electronic,3,0.509918240965256,489,The Protagonist!,Pink Fuzz!
-0.275,-0.32499999999999996,electronic,1,0.6269247708636405,490,Apes on Tapes,Chico (The Way Out)
-0.1499999999999999,-0.050000000000000044,electronic,3,0.6301495112407389,492,M-PeX,Beryllos
-0.32499999999999996,-0.02499999999999991,electronic,3,0.8006096423615683,493,General Fuzz,summer
-0.32499999999999996,-0.2250000000000001,electronic,1,0.43371741022745225,494,Deltason,Garden Theme
-0.07499999999999996,0.2250000000000001,electronic,2,0.6435966384049349,496,Adubter,OutroDub
0.30000000000000004,0.17500000000000004,electronic,2,0.5544129462620296,497,Flex Vector,The Beat Goes On
-0.525,-0.55,electronic,1,0.9607506533441368,498,Altered Carbon,Drown
-0.35,-0.35,electronic,1,0.743829915512983,499,Isle,Bayview
0.25,0.050000000000000044,electronic,2,0.7902034552110612,500,Music For Your Plants,القذافي الأمازون الحرس
-0.625,-0.1499999999999999,folk/country,1,0.529572154081221,501,Possimiste,Behind The Seas
-0.050000000000000044,-0.10000000000000009,folk/country,3,0.4049335232714991,502,The Rope River Blues Band,Capulet
0.19999999999999996,0.3500000000000001,folk/country,2,0.5550544638719965,503,Plushgoolash,Big Gay Water Fight
-0.050000000000000044,-0.25,folk/country,4,0.4867674194059794,504,Sam Shalabi,Rebetikaud
-0.525,-0.2250000000000001,folk/country,1,0.6373109277774474,506,Keshco,Like Home
-0.02499999999999991,-0.050000000000000044,folk/country,2,0.41463433980824654,507,Caligine,Mε Πιάνουνε Ζαλάδες
0.02499999999999991,0.10000000000000009,folk/country,2,0.7895982102125473,512,Costa and Nero,Rast'e Tou Teke
-0.475,-0.19999999999999996,folk/country,1,0.519900410695681,513,Chan Wai Fat,Dream (instrumental)
-0.17500000000000004,0.19999999999999996,folk/country,3,0.6873347342984664,514,Jason Shaw,SIDEWALK
-0.30000000000000004,-0.4,folk/country,1,0.7799712366407421,515,Plankton Wat,Hash Smugglers Blues
-0.2250000000000001,-0.4,folk/country,1,0.714962881798687,518,Free Piece of Tape,Burning School
0.44999999999999996,0.07499999999999996,folk/country,0,0.6650801650901916,519,Morus Alba,MDMA (Pt
-0.25,0.125,folk/country,3,0.8613228653315027,520,Moore & Sons,Broken Spell
-0.30000000000000004,-0.10000000000000009,folk/country,3,0.6637887192701695,521,Black Twig Pickers and Steve Gunn,Old Strange
-0.375,-0.575,folk/country,1,0.941459423501187,522,Mike Cooper & Viv Corringham,New Rembetika   14
0.02499999999999991,0.2250000000000001,folk/country,2,0.8469062711698412,523,The Upsidedown-E,Love
-0.42500000000000004,-0.25,folk/country,1,0.6033591469683406,524,Nettle,Black Eyes
-0.17500000000000004,-0.050000000000000044,folk/country,3,0.669200762360092,525,Cooper-Moore,(h) Banjo Arba Minch Garden
-0.25,0.17500000000000004,folk/country,3,0.8661740868523242,527,Michael Chapman & The Woodpiles,A Stranger's Map of Texas
-0.07499999999999996,0.19999999999999996,folk/country,2,0.6308791871845701,529,Hiiragi Fukuda,TV Dinner
-0.42500000000000004,-0.375,folk/country,1,0.8304806443255938,530,The New Mystikal Troubadours,The Tropical Lounge Prayer Directory
0.2749999999999999,0.375,folk/country,0,0.717176298696197,535,Black Twig Pickers and Steve Gunn,Sally in the Garden Sifting Sand
0.02499999999999991,-0.125,folk/country,4,0.3850027019168971,536,Steven Arntson,Don't You Want to Go to HeavenUncle Sam
0.0,-0.6,folk/country,1,0.696610839633024,537,Astral Social Club,Efoumernam Ena Vradi
-0.2250000000000001,-0.1499999999999999,folk/country,3,0.5463639934103441,540,Steve Gunn,Trouba
-0.050000000000000044,-0.125,folk/country,3,0.3931144523533717,544,Rho,Day Into Night
-0.4,-0.050000000000000044,folk/country,3,0.7486308463118254,547,Mr. & Mrs. Smith,It's all right
-0.19999999999999996,0.2250000000000001,folk/country,3,0.7565022658575277,550,Michael Chapman & The Woodpiles,Titanic
-0.44999999999999996,-0.25,folk/country,1,0.6277812460550347,551,Moore & Sons,Harmless Blues
-0.55,0.0,folk/country,3,0.768886098895202,554,Paneye,Wave Graves
0.050000000000000044,-0.050000000000000044,folk/country,2,0.5843001140059153,555,The Agrarians,Views of The Holy & Divine
0.1499999999999999,0.2749999999999999,folk/country,2,0.7935661499622919,556,Steven Arntson,Life on the Odyssean Wave
-0.55,-0.44999999999999996,folk/country,1,0.9326873786560864,558,My Bubba & Mi,Good Night Heart
-0.525,-0.10000000000000009,folk/country,3,0.5344975477091269,560,Jahzzar,Vanlig
0.4750000000000001,0.5,folk/country,0,0.988548089268394,561,La Minor,La Minor Live at Pacific Parc Vol
-0.07499999999999996,-0.02499999999999991,folk/country,3,0.46745419370257935,564,Fit and the Conniptions,Solemn Ground
-0.475,-0.5,folk/country,1,0.9375515623280288,565,Amen Dunes,Sousta Politiki
0.10000000000000009,-0.475,folk/country,4,0.6218196262212704,568,U Can Unlearn Guitar,The Incredible Infection of Unintended Invection
-0.125,-0.050000000000000044,folk/country,3,0.5831493784807569,574,Kevin MacLeod,Cattails
0.1499999999999999,0.125,folk/country,2,0.8735765562325092,577,Jahzzar,Look inside
-0.475,-0.44999999999999996,folk/country,1,0.9140863268221106,579,red_robin,The Surveyor
-0.65,-0.1499999999999999,folk/country,1,0.5540582318641744,580,Cian Nugent,Grass Above My Head
0.07499999999999996,0.25,folk/country,2,0.8707524065660801,581,Atlas Sound,Mona Lisa
-0.475,-0.02499999999999991,folk/country,3,0.7656527800952502,582,Jason Shaw,12 MORNINGS
-0.625,-0.65,folk/country,1,0.9824211261118813,584,Ignatz,Stin Ypoga
-0.25,-0.19999999999999996,folk/country,3,0.4342091861208459,585,Yair Yona,The Bright New Year (By Bert Jansch)
0.050000000000000044,0.2250000000000001,folk/country,2,0.8667006824056762,586,Greg Gibbs,Hemoglobin (Live at the Tonic Room)
0.17500000000000004,0.30000000000000004,folk/country,2,0.7104054531900351,591,The Sons Of The Pioneers,Whoopee Ti Yi Yo
0.11250000000000004,0.022499999999999964,folk/country,2,0.8068717561487644,592,Pietnastka,Tape Eater
-0.19999999999999996,-0.475,folk/country,1,0.7927080364672732,594,Chan Wai Fat,Di Hei Hei (sung by Po Sun Yi)
-0.050000000000000044,0.3500000000000001,folk/country,2,0.7238797562794077,597,Keshco,Wafternoon
-0.25,0.1499999999999999,folk/country,3,0.8644852476550673,598,Jahzzar,Joke
-0.375,-0.25,folk/country,1,0.5527053163340473,600,Joe Mazzola,32 Ford
-0.1499999999999999,0.25,folk/country,3,0.5915833672890162,605,The Simple Carnival,Flirt
-0.2250000000000001,0.1499999999999999,folk/country,3,0.8222796427601733,606,Jahzzar,Ice Cream
-0.1499999999999999,0.2749999999999999,folk/country,3,0.587994429230474,607,James Blackshaw,Past Has Not Passed
-0.525,-0.30000000000000004,folk/country,1,0.7886264596949982,608,Daniel Padden,Adinatisa O Kaymenos
0.07499999999999996,0.13749999999999996,folk/country,2,0.867308885818005,609,M-PeX,Eter
0.32499999999999996,0.375,folk/country,0,0.8303355231866433,610,Jahzzar,Shine
0.02499999999999991,-0.050000000000000044,folk/country,2,0.5341872557820821,611,Jahzzar,Car Crash
0.1499999999999999,0.3999999999999999,folk/country,2,0.6186865048733563,612,Black Twig Pickers,Wild Horse of Stony Point
0.050000000000000044,0.44999999999999996,folk/country,2,0.7512261016529314,613,Jahzzar,Going to
-0.17500000000000004,-0.32499999999999996,folk/country,1,0.5130385413678226,614,Josh Woodward,I Want To Destroy Something Beautiful
-0.44999999999999996,0.0,folk/country,3,0.8211623836222447,615,Moore & Sons,Talking
-0.375,0.0,folk/country,3,0.8364583375130785,616,Greg Gibbs,Hot Kettle and a Lonely Gun
0.375,-0.5,folk/country,4,0.9688984227167885,617,The Peach Tree,A Clean Slate
0.19999999999999996,-0.1499999999999999,folk/country,4,0.5150812111721671,620,M-PeX,Aqua
-0.525,-0.1499999999999999,folk/country,1,0.4248160620521606,621,Carter Thornton,The Blender is Not Built For That
-0.125,0.0,folk/country,3,0.595052584366902,622,Greg Gibbs,Zoo
-0.30000000000000004,0.2250000000000001,folk/country,3,0.9298124321887657,623,Jahzzar,Anniversary
-0.475,-0.1499999999999999,folk/country,3,0.43885615738381367,625,Moore & Sons,Night Ahead
-0.02499999999999991,0.44999999999999996,jazz,2,0.7280456280332865,628,Latché Swing,Hungaria
0.6000000000000001,0.6499999999999999,jazz,0,0.9992048071409544,629,Goto80 and the Uwe Schenk Band,Volksing Ferretismico
0.6499999999999999,-0.475,jazz,4,0.9994100329613278,631,WWIII,Lansdowne
-0.19999999999999996,0.10000000000000009,jazz,3,0.7720159910924936,632,Northbound,Forward
-0.07499999999999996,0.19999999999999996,jazz,2,0.6308791871845701,634,Quantum Jazz,If I Can't Dance It's Not My Revolution
0.3999999999999999,0.6499999999999999,jazz,0,0.990732754335553,635,Rat City Brass,The Third Man Theme (Live @ KEXP)
-0.7,-0.35,jazz,1,0.9074556742269302,637,Evgeny Grinko,It smells like Chamomile Tea
-0.44999999999999996,-0.1499999999999999,jazz,3,0.46157567475406786,638,Evgeny Grinko,Winter Sunshine
0.2749999999999999,0.32499999999999996,jazz,0,0.6331754783280495,639,Zero V,Indian Summer
0.6499999999999999,0.7,jazz,0,0.9997002859351872,640,Los Sundayers,¡Qué Paciencia!
-0.375,-0.19999999999999996,jazz,1,0.4158519527551077,643,Goto80 and the Uwe Schenk Band,Thriller Iller
-0.17500000000000004,0.1499999999999999,jazz,3,0.7006440640852889,644,Antony Raijekov,By the Coast (2004)
-0.10000000000000009,0.17500000000000004,jazz,2,0.5316321891175985,645,Cosmic Analog Ensemble,Mutatis Mutandis
-0.475,-0.30000000000000004,jazz,1,0.7543536643397643,646,Kevin MacLeod,Backed Vibes Clean
-0.5,0.19999999999999996,jazz,3,0.9712022685698737,647,Revolution Void,Scattered Knowledge
0.02499999999999991,0.44999999999999996,jazz,2,0.763763596486705,648,Latché Swing,Swing 39
0.30000000000000004,0.42500000000000004,jazz,0,0.8382473074215672,649,Nature,I Remember You
0.25,-0.19999999999999996,jazz,4,0.7082189667980819,650,Ido Bukelman,City Tail
0.3500000000000001,0.5249999999999999,jazz,0,0.9555165744516421,651,The Underscore Orkestra,Balancing Act
-0.44999999999999996,-0.17500000000000004,jazz,1,0.42088291788538834,652,Zero V,Don't Rush
0.07499999999999996,0.375,jazz,2,0.8014217503752927,653,Kriss,Jazz Club
0.02499999999999991,-0.1499999999999999,jazz,4,0.44216501978446204,654,Dizzy Banjo-Jazzy Macys (disquiet0038,asrealasitgets2)
-0.6,-0.2250000000000001,jazz,1,0.7019345840864589,656,Stephan Siebert,when
0.02499999999999991,0.1499999999999999,jazz,2,0.8241268023640488,657,Goto80 and the Uwe Schenk Band,Ponky Fonky Ferret
-0.1499999999999999,0.17500000000000004,jazz,3,0.6133459489117942,658,Kevin MacLeod,AcidJazz
-0.725,-0.55,jazz,1,0.9751205744958221,660,Daddy_Scrabble,05 CherryBlossom
-0.7,-0.55,jazz,1,0.97430858037193,661,Oaxacan,Are
0.2250000000000001,0.02499999999999991,jazz,2,0.806924999417198,662,Latché Swing,Rythme Gitan
-0.42500000000000004,-0.17500000000000004,jazz,3,0.412869440061867,663,Spartak,Rail Star Mode
0.5,0.3999999999999999,jazz,0,0.9818643139899627,664,Goto80 and the Uwe Schenk Band,Cable Swingin' Ferret
0.17500000000000004,0.30000000000000004,jazz,2,0.7104054531900351,665,Latché Swing,Sweet Georgia Brown
0.07499999999999996,0.0,jazz,2,0.7344662862051237,666,Digital Primitives,Crackle & Pop
-0.19999999999999996,-0.02499999999999991,jazz,3,0.7256824822997748,667,Caravan of Thieves,I Can't Behave
0.0,0.07499999999999996,jazz,2,0.7155642670273923,668,Daddy_Scrabble,LordDa Mercy
-0.475,-0.32499999999999996,jazz,1,0.7947042934603397,671,Latché Swing,Menilmontant
-0.1499999999999999,0.32499999999999996,jazz,3,0.5876889858632015,672,Kevin MacLeod,Vibe Ace
0.3999999999999999,0.42500000000000004,jazz,0,0.9497019086991481,673,Los Sundayers,Mirando Hacia Atrás
0.44999999999999996,0.6000000000000001,jazz,0,0.9927454266284911,674,Latché Swing,Songe D'Automne
0.02499999999999991,0.19999999999999996,jazz,2,0.8425316079028434,675,Merkel & Fritzemeier,Meetin' & Movin'
0.3999999999999999,0.3999999999999999,jazz,0,0.9396527676827577,676,The Underscore Orkestra,Chosen Kale Mazel Tov
0.375,0.07499999999999996,jazz,2,0.48026556439867907,677,Neuroleptic Trio,Neuroleptic trio instrumental 6
-0.02499999999999991,0.3999999999999999,jazz,2,0.7569001009306324,681,The Underscore Orkestra,Devil with the Devil
-0.050000000000000044,0.25,jazz,2,0.7217691455579557,682,Nature,Resonance
-0.17500000000000004,-0.02499999999999991,jazz,3,0.6899029235627526,684,Rushus,magic of fog
-0.125,-0.35,jazz,1,0.5009895988500376,685,Curha,George
-0.4,0.125,jazz,3,0.9429274854765871,686,Sergi Boal,is there anybody out there
0.575,0.6000000000000001,jazz,0,0.9984224305491313,687,The Underscore Orkestra,Balancing Act Chosen Kale Mazel Tov
-0.17500000000000004,0.0,jazz,3,0.7042132486964767,688,Lee Maddeford,Irresistible Yvette (with Les Gauchers Quintet)
-0.30000000000000004,-0.10000000000000009,jazz,3,0.6637887192701695,689,Antony Raijekov-Ambient,M (2003)
-0.65,-0.1499999999999999,jazz,1,0.5540582318641744,690,Ann Alee,Infant Holy Infant Lowly
0.0,-0.32499999999999996,jazz,4,0.5539672721787217,691,Nature,Hard Time Killing Floor Blues
0.4750000000000001,0.2749999999999999,jazz,0,0.9374513359431195,692,Breuss Arrizabalaga Quintet-Nfamoudou,Boudougou
0.30000000000000004,0.07499999999999996,jazz,2,0.6889199377093759,693,Mystic Morrison Visions,Impressive
0.2250000000000001,0.30000000000000004,jazz,2,0.5672334876034626,695,Sunny Jain's Red Baraat Festival,Track 6
0.07499999999999996,0.19999999999999996,jazz,2,0.8772509108618896,696,Nature,Extraordinary Vibe
-0.050000000000000044,0.19999999999999996,jazz,2,0.7026684448049887,697,DJ Harrison,VA Riding (Single Edit)
-0.275,-0.32499999999999996,jazz,1,0.6269247708636405,698,Bonobo,The Keeper (Live @ KEXP)
-0.32499999999999996,-0.125,jazz,3,0.6028714690938589,699,Jared C. Balogh,SYMPHONIC SLIDE
-0.050000000000000044,0.1499999999999999,jazz,2,0.6690935886076532,700,Sephirot,Moon Dream (Extended Mix)
0.625,-0.42500000000000004,jazz,4,0.9990569985365759,702,WWIII,Shipyard
0.02499999999999991,0.25,jazz,2,0.8484626815282015,703,Jazz at Mladost Club,Arana
-0.2250000000000001,-0.19999999999999996,jazz,3,0.43511650436406757,704,Daddy_Scrabble,Monkeys have arrived
0.125,0.25,jazz,2,0.8470266168675887,706,The Underscore Orkestra,Amari Szi
-0.44999999999999996,-0.475,jazz,1,0.9202848553220616,707,Ben Holmes and Patrick Farrell,Prelude #2 in A Minor (Chopin)
-0.44999999999999996,-0.44999999999999996,jazz,1,0.9063235136136398,708,Trans Atlantic Rage,NO MATH 7
0.19999999999999996,0.0,jazz,2,0.7962181993477642,709,The Underscore Orkestra,Jovanko
0.10000000000000009,0.02499999999999991,jazz,2,0.800411786803767,710,Ehran Elisha and Roy Campbell,They Enter Through the Ear
-0.525,-0.475,jazz,1,0.9381432290065337,711,Kevin MacLeod,Dances and Dames
-0.4,0.07499999999999996,jazz,3,0.9128684798812533,712,Kevin MacLeod,As I Figure
-0.02499999999999991,0.32499999999999996,jazz,2,0.7790532217759083,713,MarginalS,parte 1 parte 4
-0.1499999999999999,-0.050000000000000044,jazz,3,0.6301495112407389,714,Nature,In The Techno Tent
-0.525,-0.17500000000000004,jazz,1,0.4998749927836069,715,Jared C. Balogh,PULLING MYSELF UP THROUGH
-0.125,-0.02499999999999991,jazz,3,0.5922844056254207,717,The Underscore Orkestra,Underscore Underwear
0.2250000000000001,0.375,jazz,0,0.5647724428362165,718,The Underscore Orkestra,Cocek
0.5249999999999999,0.55,jazz,0,0.9957606474318791,719,Los Sundayers,Transparente
0.17500000000000004,0.125,jazz,2,0.8594624953057243,721,Nature,Mic Check
0.17500000000000004,0.5,jazz,0,0.6297743710259316,722,Quantum Jazz,Orbiting A Distant Planet
0.375,0.55,jazz,0,0.9729341438230079,723,ProleteR,April Showers
0.25,0.2749999999999999,jazz,2,0.5333185290885706,724,Rotterdam Ska Jazz Foundation,RSJFoundation live at Pacific Parc
0.02499999999999991,0.02499999999999991,jazz,2,0.6949968121390571,725,Mystic Morrison Visions,Octopus
0.5,-0.35,jazz,4,0.9912791480460024,726,Cooper-Moore,Trio Take 5
-0.17500000000000004,-0.125,jazz,3,0.5680627282902145,727,Jared C. Balogh,THE HAPPIEST LIFE
0.4750000000000001,0.625,jazz,0,0.995608557989218,728,The Underscore Orkestra,Magdalena
0.3500000000000001,-0.375,jazz,4,0.963803649280043,729,The Luddites,Pepper Spray Blues
-0.32499999999999996,-0.125,jazz,3,0.6028714690938589,730,Keinzweiter,Mircoobee
0.575,0.19999999999999996,jazz,0,0.9600625824397132,731,Neuroleptic Trio,Džejbe Džejbe
0.1499999999999999,0.32499999999999996,jazz,2,0.7344768017682312,732,The Underscore Orkestra,Dobur Vecher
-0.17500000000000004,0.0,jazz,3,0.7042132486964767,733,Yair Yona,Mad About You
0.17500000000000004,0.32499999999999996,jazz,2,0.6726109119712056,734,Hugo 'Droopy' Contini,Sandu
-0.17500000000000004,-0.02499999999999991,jazz,3,0.6899029235627526,735,Revolution Void,Invisible Walls
-0.575,-0.32499999999999996,jazz,1,0.8487254433791555,736,Kevin MacLeod-Night on the Docks,Sax
-0.2250000000000001,-0.02499999999999991,jazz,3,0.7531684729086469,737,DJ Harrison,Some Other Place
0.125,0.30000000000000004,jazz,2,0.808364874955099,738,The Underscore Orkestra,Blue Draggish
0.30000000000000004,0.4750000000000001,jazz,0,0.8838681113504389,739,Quantum Jazz,Balcarabic Chicken
-0.32499999999999996,-0.25,jazz,1,0.500518637305552,740,Gilad Atzmon,Futoristico
-0.10000000000000009,-0.1499999999999999,jazz,3,0.44888940908670266,741,The Underscore Orkestra,Broken String
0.2749999999999999,0.375,jazz,0,0.717176298696197,742,OPRACHINA-Oprachina,Nitro
-0.475,0.0,jazz,3,0.8116054065426939,743,Blue Swerver,Tasky
0.2749999999999999,0.125,jazz,2,0.6992163331414959,744,Thiago França,Capadócia
-0.19999999999999996,-0.85,jazz,1,0.9580068347037162,745,Kreng,Maia
-0.32499999999999996,-0.10000000000000009,jazz,3,0.6614499312836953,746,The Moonlighters,My Blackbirds Are Bluebirds Now
-0.35,-0.02499999999999991,jazz,3,0.8016083785111935,747,Stephan Siebert-auf,bruch
0.02499999999999991,-0.1499999999999999,jazz,4,0.44216501978446204,748,Dirty Beaches,Night City
-0.19999999999999996,-0.02499999999999991,jazz,3,0.7256824822997748,749,Slumgum,Big Fun (New Ruckus)
0.07499999999999996,0.17500000000000004,jazz,2,0.875881768816886,750,Ben Holmes and Patrick Farrell,Street Song  Honga
0.2250000000000001,0.44999999999999996,pop,0,0.6975882076590632,756,Plurabelle,Lips
0.25,0.2749999999999999,pop,2,0.5333185290885706,757,Kurt Vile,Freeway
-0.050000000000000044,0.2250000000000001,pop,2,0.7138742929881061,758,ghostandthesong,Ou Inme
0.42500000000000004,0.2250000000000001,pop,0,0.8451351158952612,759,Lame Drivers,Frozen Egg
-0.375,0.125,pop,3,0.9398950398286636,763,Jahzzar,Siesta
0.32499999999999996,0.625,pop,0,0.9709604816171378,764,Sleeping Policemen,Vogelbird
0.050000000000000044,0.375,pop,2,0.8172762709473822,767,Windom Earle,kirblooey
0.30000000000000004,0.0,pop,2,0.6979612084663744,769,AMANDA,Chaos
-0.125,-0.07499999999999996,pop,3,0.5670759108805595,773,U.S. Girls,The Island Song
-0.32499999999999996,-0.1499999999999999,pop,3,0.5402390460186861,775,Ghost Hunter,In The Early Months Of The Emergency
-0.375,-0.125,pop,3,0.5834356438307385,776,Ghost Hunter,Through The Haze Of The Green Glasses
0.30000000000000004,0.02499999999999991,pop,2,0.7076042138282397,777,The Strangers,A Little Too Fast
-0.55,0.07499999999999996,pop,3,0.8852792474471289,779,Macaw,What Circle Where
0.19999999999999996,0.30000000000000004,pop,2,0.6431702826890012,780,The Wildbunch,Gay_Bar_videogame
-0.02499999999999991,0.32499999999999996,pop,2,0.7790532217759083,781,Delicate Steve,Butterfly
0.55,-0.07499999999999996,pop,4,0.6105446112279731,782,The Strangers,Who Are You
-0.07499999999999996,0.17500000000000004,pop,2,0.6144631241965561,784,Benjamin Bret,Le Gateau Au Yaourt
0.2749999999999999,0.32499999999999996,pop,0,0.6331754783280495,787,coverclub.nl-Schotel van de Dag,Ride The Tide
-0.275,0.050000000000000044,pop,3,0.85817442677587,789,Austin Leonard Jones,No Slow Dancing
0.55,0.10000000000000009,pop,0,0.8676040787390361,790,Sycamore Drive,City Sounds
-0.575,-0.10000000000000009,pop,3,0.47767913688326635,791,Lezet,West Bank
-0.625,-0.19999999999999996,pop,1,0.6646460699886385,794,Two Bicycles,Window #3
-0.7,-0.375,pop,1,0.9224549013851069,795,Ergo Phizmiz,Simon Cowell
0.050000000000000044,0.02499999999999991,pop,2,0.7397701161950552,796,Learning Music,Ghost Transference
-0.02499999999999991,0.10000000000000009,pop,2,0.6865048725307741,797,Monday Night Fever,Sunday Lovers
0.375,0.2250000000000001,pop,0,0.744620664439643,798,Casetofoane,Waha
-0.2250000000000001,0.1499999999999999,pop,3,0.8222796427601733,799,Ducktails,Beach Point Pleasant
-0.125,-0.125,pop,3,0.5143264354437133,800,Les Oreilles-Quarante,Cinq
-0.42500000000000004,-0.375,pop,1,0.8304806443255938,801,Keshco,Marty Feldman
0.4750000000000001,0.44999999999999996,pop,0,0.9832361632573736,804,Jahzzar,Birthday Cake
-0.7,-0.375,pop,1,0.9224549013851069,805,Keshco,Son Of A Systems Engineer Manager
0.3500000000000001,0.3999999999999999,pop,0,0.8913790939485099,806,coverclub.nl-Laura Vane & the Vipertones,Christmas Day With Me
-0.050000000000000044,0.375,pop,2,0.7174197257517115,807,Björn & Gorden,Ftgrr
-0.475,-0.17500000000000004,pop,1,0.4469871805787528,808,Greg Gibbs,Lost
0.375,0.3999999999999999,pop,0,0.9188304902004503,810,Los Amparito,El barzón
-0.2250000000000001,-0.02499999999999991,pop,3,0.7531684729086469,811,Party People in a Can,Tourist Shooting Tar Balls
0.30000000000000004,0.42500000000000004,pop,0,0.8382473074215672,813,My Bubba & Mi,Wild & You
0.2749999999999999,0.07499999999999996,pop,2,0.7431240882936424,814,etc.,re bitterfly
0.125,0.2250000000000001,pop,2,0.8608266657215441,815,Plurabelle,LightLivid
0.2250000000000001,0.44999999999999996,pop,0,0.6975882076590632,818,Miró Belle,In Fielder
-0.25,0.17500000000000004,pop,3,0.8661740868523242,819,Ergo Phizmiz,Tilly's Punctured Romancer
0.3500000000000001,0.3500000000000001,pop,0,0.8480934445892296,820,Plurabelle,Wallflower
-0.050000000000000044,-0.050000000000000044,pop,3,0.40853543290046596,823,Gringo Star,You Want It
0.55,0.5,pop,0,0.9953876475604831,824,Sycamore Drive,Untold Story
-0.2250000000000001,0.17500000000000004,pop,3,0.8214588002788746,825,FAVORS,I Keep My Soul Alive with Different Kinds of Germs
-0.25,-0.07499999999999996,pop,3,0.7017525379401534,826,Dean & Britta,I'll Keep It With Mine
-0.675,-0.125,pop,1,0.5042279806191294,829,Jahzzar,Talk to me
0.07499999999999996,0.2250000000000001,pop,2,0.8754913216637479,830,Casetofoane,Enel
0.050000000000000044,0.30000000000000004,pop,2,0.8545967287108859,831,Casetofoane,Electrohood
0.0,0.19999999999999996,pop,2,0.8084560489880169,833,Casetofoane,Rocky 5000
-0.07499999999999996,-0.17500000000000004,pop,4,0.4093169119585777,834,Keshco,Fly By Night
0.5249999999999999,0.17500000000000004,pop,0,0.9199347713037603,836,The Scallions,Memories Are Made of This
0.17500000000000004,-0.1499999999999999,pop,4,0.5008880388350142,839,Ergo Phizmiz,Fun With Petroleum
-0.19999999999999996,-0.07499999999999996,pop,3,0.6682867997470705,841,Kurt Vile,Nicotine Blues
-0.30000000000000004,-0.4,pop,1,0.7799712366407421,844,Gustav Taxén,Wizball
0.02499999999999991,-0.25,pop,4,0.5929170443172868,845,Christian Vestergaard,The Great Giana Sisters (Piano cover)
0.25,0.125,pop,2,0.7556299659881972,846,Flora,High Buildings
-0.7,-0.575,pop,1,0.9776110325056998,848,Shirley and Spinoza-Half,Eating Baby Lions Nightmare
-0.35,-0.475,pop,1,0.8849229890507367,850,Ergo Phizmiz,Strange Things
0.0,-0.1499999999999999,pop,4,0.42970668078776214,851,How How-Tetrolux,Etam Etamski
-0.125,-0.07499999999999996,pop,3,0.5670759108805595,852,Andrea Baroni,Erebus (piano)
-0.525,-0.30000000000000004,pop,1,0.7886264596949982,854,My Bubba & Mi,Through & Through
-0.525,-0.125,pop,3,0.46066256546788337,855,The Family Simpson,2
0.42500000000000004,0.1499999999999999,pop,0,0.7473102314445065,856,Sloan,The Other Man
-0.02499999999999991,0.07499999999999996,pop,2,0.6555268164246926,857,Charlotte Gainsbourg,Trick Pony (Live @ KEXP)
-0.1499999999999999,-0.125,pop,3,0.5442213147181569,858,Jahzzar,Alive
-0.35,0.02499999999999991,pop,3,0.8655105567817722,859,Moonove,Delta
0.3999999999999999,0.42500000000000004,pop,0,0.9497019086991481,860,MrJuan,Señor Bomba
0.3500000000000001,0.5,pop,0,0.9465824012690067,863,Computer Magic,The End of Time
0.17500000000000004,0.2250000000000001,pop,2,0.8006011779583683,864,Jahzzar,Polaroid
-0.55,-0.10000000000000009,pop,3,0.5071055761434805,865,The Mythics,Love Me Like You
0.19999999999999996,0.02499999999999991,pop,2,0.8216517860972606,866,Deerhoof,Basket Ball Get Your Groove Back (Live @ KEXP)
0.19999999999999996,0.375,pop,2,0.5085181604264198,867,Duda Nunes,Saudades
-0.6,-0.2250000000000001,pop,1,0.7019345840864589,869,Plurabelle,cuts&bruises
0.3500000000000001,0.25,pop,0,0.7203270126780186,871,Sycamore Drive,Deep Thought Process
-0.4,0.125,pop,3,0.9429274854765871,872,Cranston,Ticking Away
0.44999999999999996,0.5,pop,0,0.9844329921193457,873,YACHT,Summer Song (Instrumental)
0.32499999999999996,-0.1499999999999999,pop,4,0.6299356741767578,874,Black Math,This Love's Got to Change
0.32499999999999996,0.42500000000000004,rock,0,0.8779072394976389,876,et_,Kopeika
0.1499999999999999,0.25,rock,2,0.8171443475565379,879,State Shirt,Computer
-0.02499999999999991,-0.30000000000000004,rock,4,0.5211417332976934,880,Hogan Grip,Stance Gives You Balance
0.07499999999999996,0.050000000000000044,rock,2,0.8065536109776963,882,Jahzzar,The last ones
0.125,0.0,rock,2,0.783387692999488,884,Ghost Hunter,Old White Eye
0.2250000000000001,0.10000000000000009,rock,2,0.8142473038465567,886,krackatoa,Mariachi Bandits of Gatling Gun Ridge
0.02499999999999991,0.1499999999999999,rock,2,0.8241268023640488,887,Kraus,Happening for Lulu
0.4750000000000001,0.55,rock,0,0.9921889547947902,889,The Freak Fandango Orchestra,Requiem for a Fish
-0.35,-0.07499999999999996,rock,3,0.7110520481824079,890,Holy Coast,The Beach! The Beach!
-0.4,0.125,rock,3,0.9429274854765871,891,Gillicuddy,Jupiter The Blue
-0.275,-0.525,rock,1,0.884441070884586,892,Paneye,North Sea Radio
0.575,-0.42500000000000004,rock,4,0.998069435895382,893,Tyrannic Toy,Blackroad
-0.02499999999999991,-0.17500000000000004,rock,4,0.45521437632291406,897,reed blue & exteenager,arriba
0.3500000000000001,0.125,rock,0,0.4877313885856552,898,Room For A Ghost,No
0.07499999999999996,0.32499999999999996,rock,2,0.8386950798676073,899,Linus Akesson,One Man And His Piano
0.5,-0.42500000000000004,rock,4,0.9945898911896419,902,Arrogalla remixes Dadub,Naramiddu poita (feat
0.2250000000000001,0.1499999999999999,rock,2,0.7817577266300856,903,Vivian Girls,Wild Eyes (live @ WFMU)
0.17500000000000004,-0.19999999999999996,rock,4,0.6496803600442155,904,krackatoa,Something In the Woods
0.125,-0.02499999999999991,rock,2,0.7391983172999472,908,Karen Cooper Complex,You Can't Have It   Shinjuku Birdwalk
0.25,0.125,rock,2,0.7556299659881972,909,Juanitos,Exotica
0.5,0.3999999999999999,rock,0,0.9818643139899627,910,YACHT,Utopia (instrumental)
0.5249999999999999,-0.25,rock,4,0.9714862440377368,911,Original Innocence,Jungle Law
-0.050000000000000044,-0.42500000000000004,rock,1,0.5303229504817387,913,Mountain Cult,Untitled 06
0.0,0.050000000000000044,rock,2,0.681211554887918,915,Noi,Everything Is Changing
0.2250000000000001,0.2749999999999999,rock,2,0.6116541284778791,921,Juanitos,Sambarama
0.10000000000000009,0.30000000000000004,rock,2,0.8371153705455804,924,Juanitos,Strange Italian Song
-0.02499999999999991,0.17500000000000004,rock,2,0.7493710589725908,925,Charles Atlas,Photosphere
-0.25,0.125,rock,3,0.8613228653315027,926,Everlone,Flying Alaska V
0.0,-0.25,rock,4,0.5584870413297015,928,Waiters,the  13 O' Clock in the Morning
0.32499999999999996,0.375,rock,0,0.8303355231866433,931,Halloween,Mickey Maos
-0.125,-0.02499999999999991,rock,3,0.5922844056254207,932,…And You Will Know Us By The Trail Of Dead,Crowning Of A Heart (Live @ KEXP)
0.30000000000000004,0.3500000000000001,rock,0,0.7442884486099812,934,Lame Drivers,Other Side
0.10000000000000009,-0.07499999999999996,rock,2,0.5929009306952309,936,Dumbo Gets Mad,Plumy Tale
0.575,-0.19999999999999996,rock,4,0.9537896825344672,938,Milk Music,Thrashing In The Unknown
0.30000000000000004,-0.575,rock,4,0.8973821651330826,939,Richard There,You should go on
0.55,0.2250000000000001,rock,0,0.9593065131939321,941,Morphamish+ Tekkerz,Get My Fix (Morphamish Mix)
-0.050000000000000044,-0.2250000000000001,rock,4,0.47791572070875643,942,Pajaro,Santa Leone
0.5249999999999999,0.375,rock,0,0.9836905016754945,944,Shark,Hey Grrl
-0.675,-0.55,rock,1,0.9732511580837079,945,The Ghost Of 29 Megacycles,Leelo (Part 1)
0.17500000000000004,0.2749999999999999,rock,2,0.7445222414720966,949,Waylon Thornton,Favorite Secrets
-0.19999999999999996,-0.32499999999999996,rock,1,0.5434821300829055,952,Glass Boy,Monday at 12
0.02499999999999991,0.125,rock,2,0.8091875925565043,954,Doron Deutsch,Bruce Lee (acoustic Jam)
-0.30000000000000004,0.1499999999999999,rock,3,0.9179508881880014,955,Everlone,Blind Eyes
-0.125,0.10000000000000009,rock,3,0.563693738812139,956,end's not near,Indian Summer
-0.55,-0.07499999999999996,rock,3,0.5808006099221898,957,un automne à Lob-Nor,boss A
0.125,0.02499999999999991,rock,2,0.8175864233345844,958,Trailblazer,(Untitled 1)
0.30000000000000004,0.3500000000000001,rock,0,0.7442884486099812,959,springtide,Indyair
0.675,0.675,rock,0,0.9997273213543174,960,Anamanaguchi,Helix Nebula
0.1499999999999999,0.125,rock,2,0.8735765562325092,961,James Beaudreau,Union Square
0.6000000000000001,-0.4,rock,4,0.9984318197280024,962,Ice Age,Rotting Heights
0.6499999999999999,0.5,rock,0,0.9985654770596304,964,J.Walker & The Crossguards,Driftin' Around
-0.55,-0.1499999999999999,rock,1,0.45131527359675894,967,Daniel Johnston,I Had A Dream
-0.30000000000000004,-0.44999999999999996,rock,1,0.8380632397298203,968,Abe Sada-Black,Bar Trombone
0.3999999999999999,0.3999999999999999,rock,0,0.9396527676827577,970,Pharaos,The Pharaos' Theme
0.375,-0.10000000000000009,rock,4,0.5081576920522175,973,Mount Carmel,Swagg's & Elliot
-0.2250000000000001,-0.19999999999999996,rock,3,0.43511650436406757,974,Karl Blau,Crucial Contact
0.30000000000000004,0.2250000000000001,rock,0,0.5255759470027672,976,Glass Boy,Merry Christmas
0.575,-0.375,rock,4,0.9972706013893816,977,Black Math,Suck City
0.675,0.2749999999999999,rock,0,0.9914900969253758,978,krackatoa,Absolutely Gorgeous
-0.475,0.125,rock,3,0.9418789348101405,979,Rue Royale,Deck the Halls
0.19999999999999996,-0.17500000000000004,rock,4,0.5954039246061528,980,Mahjongg,Tell The Police The Truth
0.42500000000000004,0.3999999999999999,rock,0,0.9552718226709336,981,Morphamish,Bottums Up
-0.050000000000000044,0.32499999999999996,rock,2,0.7275646096948295,983,YACHT,Tripped & Fell In Love (instrumental)
-0.275,0.2749999999999999,rock,3,0.9064100150290433,985,Beach House,Zebra (Live @ KEXP)
0.19999999999999996,-0.125,rock,2,0.4936225022345011,986,Suicide,Girl
0.32499999999999996,-0.35,rock,4,0.9489075007063205,987,Jack Ruby,Hit and Run
0.10000000000000009,0.2250000000000001,rock,2,0.8735857774636501,988,Bluebrain,The Pull
0.32499999999999996,0.3500000000000001,rock,0,0.8014713559112817,989,Vespre,piste quatre
0.25,0.2749999999999999,rock,2,0.5333185290885706,990,Jenifer Avila,El Tranvía
-0.475,-0.375,rock,1,0.8564088505693492,991,Moore & Sons,Moving Away
-0.1499999999999999,-0.30000000000000004,rock,1,0.42578583151777377,993,Hogan Grip,Stance Gives You Power
0.3999999999999999,0.07499999999999996,rock,0,0.5316245491466043,994,Morphamish remixes Full Blush,Engine #3 (Morphamish Remix)
-0.07499999999999996,-0.65,rock,1,0.8346755017855451,995,Benjamin Bret,Honte De Toi
0.25,0.42500000000000004,rock,0,0.7273326851389507,996,Jahzzar,Fireworks
0.3500000000000001,0.42500000000000004,rock,0,0.9086603204190635,997,Halloween,Monster On Campus
-0.2250000000000001,0.2250000000000001,rock,3,0.8185691245254038,999,Jahzzar,So Easy
0.44999999999999996,0.1499999999999999,rock,0,0.7991310734548502,1000,Republic Of Lights-Got You Surrounded,Single
-0.1499999999999999,-0.30000000000000004,blues/soul,1,0.42578583151777377,1001,The Rope River Blues Band,Weatherman
-0.125,-0.44999999999999996,blues/soul,1,0.6817392693506346,1002,Kidney Brothers (The Numbers Band),Wolf
0.07499999999999996,-0.42500000000000004,blues/soul,4,0.6212149387991042,1003,Samm Bennett,My My My
-0.30000000000000004,-0.07499999999999996,blues/soul,3,0.7143057379499825,1004,The Rope River Blues Band,Visitor
0.10000000000000009,0.02499999999999991,blues/soul,2,0.800411786803767,1005,Brother JT,Summer
-0.10000000000000009,-0.1499999999999999,blues/soul,3,0.44888940908670266,1006,Wildbirds and Peacedrums,The Window
0.050000000000000044,0.10000000000000009,blues/soul,2,0.8245089901798156,1007,Wildbirds and Peacedrums,Doubt/Hope
0.25,0.10000000000000009,blues/soul,2,0.7750292748967927,1008,Brother JT,Warm's The New Cool
-0.375,-0.32499999999999996,blues/soul,1,0.7206461221131457,1009,Big Bill Broonzy,Please Don't Go
0.375,0.375,blues/soul,0,0.903249711368976,1010,The Relatives,Bad Trip
-0.125,-0.5,blues/soul,1,0.7491928829670774,1011,Cooper-Moore & Assif Tsahar,The Eight
-0.17500000000000004,-0.525,blues/soul,1,0.822485186996711,1012,Little Howlin' Wolf,Baltimore Raven
-0.44999999999999996,-0.375,blues/soul,1,0.8440302099553111,1013,Loren Connors and Bill Orcutt,Untitled 3
-0.02499999999999991,-0.125,blues/soul,4,0.3688009650578435,1014,Nobody's Bizness,Down in the Dumps
0.2250000000000001,0.32499999999999996,blues/soul,2,0.521117832901622,1015,Patchwork on the Blues,Good 'ol Shoe
-0.42500000000000004,-0.775,blues/soul,1,0.9802693417663675,1016,Wildbirds and Peacedrums,Lost Love
-0.2250000000000001,-0.30000000000000004,blues/soul,1,0.5158066950816251,1017,James Beaudreau,Hare
-0.32499999999999996,-0.625,blues/soul,1,0.9445538136915309,1018,James Beaudreau,Nebula
-0.17500000000000004,-0.55,blues/soul,1,0.8434679426839009,1019,James Beaudreau,Plum
-0.4,-0.625,blues/soul,1,0.9590301862255924,1020,Mr. & Mrs. Smith,magic magic
0.30000000000000004,-0.050000000000000044,blues/soul,2,0.6323186972084517,1021,Steve Gunn,The Lurker
-0.42500000000000004,-0.42500000000000004,blues/soul,1,0.8793465185974242,1022,Mr. & Mrs. Smith,Sirens
-0.525,-0.675,blues/soul,1,0.9793347493876567,1023,Mr. & Mrs. Smith,Paris
-0.44999999999999996,-0.525,blues/soul,1,0.9413715885020281,1024,Roger McGuinn,St James Infirmary
0.02499999999999991,0.2749999999999999,blues/soul,2,0.8473664325615194,1025,Barrence Whitfield and The Savages,Willie Meehan
-0.32499999999999996,-0.55,blues/soul,1,0.9180479840278025,1026,Mr. & Mrs. Smith,with Love
-0.10000000000000009,-0.30000000000000004,blues/soul,4,0.3995165467160934,1027,The New Mystikal Troubadours,Thyme
-0.125,-0.050000000000000044,blues/soul,3,0.5831493784807569,1028,The New Mystikal Troubadours,Summer's Song
-0.275,-0.125,blues/soul,3,0.6088058758498711,1029,Little Howlin' Wolf,Big Ole Bear
0.17500000000000004,0.050000000000000044,blues/soul,2,0.8470579821881863,1030,Wildbirds and Peacedrums,There Is No Light
-0.050000000000000044,0.0,blues/soul,2,0.45587753827591615,1031,The New Mystikal Troubadours,I
-0.42500000000000004,-0.2250000000000001,blues/soul,1,0.5376713857139009,1032,The Agrarians,Bury the Dead
0.07499999999999996,0.1499999999999999,blues/soul,2,0.8711044691444211,1033,The New Mystikal Troubadours,Copenhagen
-0.42500000000000004,-0.55,blues/soul,1,0.9444493858708384,1034,The Agrarians,Farewell Song
-0.17500000000000004,-0.19999999999999996,blues/soul,3,0.4251061518167919,1035,The KrestArians,A Little Soul
-0.050000000000000044,-0.5,blues/soul,1,0.6500643330416616,1036,The KrestArians,Merry Gentlemen
0.0,-0.1499999999999999,blues/soul,4,0.42970668078776214,1037,Fit and the Conniptions,Many Many
0.0,-0.2250000000000001,blues/soul,4,0.5410919986628189,1038,Fit and the Conniptions,Spider Song
0.32499999999999996,-0.10000000000000009,blues/soul,2,0.4715950150626775,1039,Fit and the Conniptions,Spellbound
0.30000000000000004,0.07499999999999996,blues/soul,2,0.6889199377093759,1040,Fit and the Conniptions,Storm's Over
0.1499999999999999,0.10000000000000009,blues/soul,2,0.8713271583066085,1041,Fit and the Conniptions,You Can't Lose
0.0,-0.17500000000000004,blues/soul,4,0.475648932967545,1042,Jeremy Wallace,Virginia
-0.02499999999999991,0.0,blues/soul,2,0.527015607351234,1043,Malty Media,Bracken Bed
0.5249999999999999,0.2749999999999999,blues/soul,0,0.9645250471579342,1044,Cantonement Jazz Band,Thinking Of You
-0.1499999999999999,-0.475,blues/soul,1,0.7453863733475189,1045,Yair Yona,Russian Dance
0.1499999999999999,0.0,blues/soul,2,0.7954368849971576,1046,Joe Marson and The Satisfied Mind,Someday Soon
0.07499999999999996,-0.1499999999999999,blues/soul,4,0.46181441781151433,1047,Colin Shaddick & Roger Nicholls,Blues For Brownie
0.0,0.42500000000000004,blues/soul,2,0.7737372306243552,1048,Break The Bans,Escape
0.07499999999999996,0.42500000000000004,blues/soul,2,0.7501346534194937,1049,Break The Bans,Hey Girl
0.25,0.19999999999999996,blues/soul,2,0.6620759066125146,1050,Guitar Lightnin Lee and His Thunder Band,Amsterdam
0.050000000000000044,0.07499999999999996,blues/soul,2,0.8028433970749144,1051,The Re-Stoned,return
0.125,0.3999999999999999,blues/soul,2,0.6857539763233524,1052,The Re-Stoned,jam
-0.125,0.32499999999999996,blues/soul,3,0.49609394155044007,1053,Sound Of Ground,Breathe
-0.32499999999999996,0.32499999999999996,blues/soul,3,0.9571344698341341,1054,Break The Bans,Lover
-0.32499999999999996,0.32499999999999996,blues/soul,3,0.9571344698341341,1055,Break The Bans,Sexy Lady
-0.19999999999999996,0.0,blues/soul,3,0.7448684932774534,1056,Navel,Frozen Souls
-0.07499999999999996,0.5249999999999999,blues/soul,2,0.5518255634515022,1057,Sound Of Ground,Shelter Between Sky and Ground
-0.25,0.19999999999999996,blues/soul,3,0.8669415772070321,1058,Sound Of Ground,Camino Infinito
-0.07499999999999996,0.625,blues/soul,3,0.5172603256793021,1059,Sound Of Ground,Green Turning Light
0.050000000000000044,0.2749999999999999,blues/soul,2,0.8613451646931846,1060,Break The Bans,Gay Bar
0.375,0.30000000000000004,blues/soul,0,0.8395073186245918,1061,mojo monkeys,Bodacious
-0.2250000000000001,-0.17500000000000004,blues/soul,3,0.491306624816266,1062,Zombie Prom Queen,Fever
0.050000000000000044,0.3500000000000001,blues/soul,2,0.8326935993262397,1063,The Re-Stoned,sleeping world
0.050000000000000044,0.5249999999999999,blues/soul,2,0.6536547503730096,1064,Beans & Bullets,Love Machine
0.25,0.3500000000000001,blues/soul,0,0.5998925048454339,1065,The Re-Stoned,mountain giant
0.2749999999999999,0.125,blues/soul,2,0.6992163331414959,1066,Glass Candy,Life After Sundown
-0.25,-0.4,blues/soul,1,0.7384899766437691,1067,BJ Block & Dawn Pemberton,Tender
0.2250000000000001,0.07499999999999996,blues/soul,2,0.820308049414557,1068,BJ Block & Dawn Pemberton,Without You
-0.17500000000000004,0.1499999999999999,blues/soul,3,0.7006440640852889,1069,Glass Candy,Hurt
0.050000000000000044,0.19999999999999996,blues/soul,2,0.8651848829959313,1070,Glass Candy,The Chameleon
0.375,0.07499999999999996,blues/soul,2,0.48026556439867907,1071,The Discoghosts,Jellyfish
0.32499999999999996,0.125,blues/soul,2,0.5597191445711786,1072,The Discoghosts,Monsterdance (feat. Hasi International™)
0.050000000000000044,-0.30000000000000004,blues/soul,4,0.647281695576382,1073,Dr Freebs,Sunshine
0.44999999999999996,0.3500000000000001,blues/soul,0,0.9519916696353914,1074,The Discoghosts,For The Ladies (feat. Hasi International™)
0.3500000000000001,0.3999999999999999,blues/soul,0,0.8913790939485099,1075,Tracky Birthday,Balla!
0.25,0.0,blues/soul,2,0.7648874215518351,1076,The Discoghosts,Straight But Gayish
0.3500000000000001,-0.050000000000000044,blues/soul,2,0.5444320713220308,1077,The Discoghosts,Happy Joy
0.44999999999999996,0.25,blues/soul,0,0.9005783654749082,1078,Tracky Birthday,Eöööhh! (with The Discoghosts)
0.4750000000000001,0.1499999999999999,blues/soul,0,0.8413394641086901,1079,T Bird,Goin' Down to the Bus Stop
0.25,0.0,blues/soul,2,0.7648874215518351,1080,Tracky Birthday,Newish Disco
0.0,-0.375,blues/soul,4,0.5158758410803198,1081,Karl Blau,Kill The Messenger
0.42500000000000004,0.3500000000000001,blues/soul,0,0.9355260272930145,1082,Glass Candy,Sugar &amp; Whitebread (instrumental)
0.2749999999999999,0.3999999999999999,blues/soul,0,0.7544810145169953,1083,Glass Candy,Sugar &amp; Whitebread
0.02499999999999991,-0.4,blues/soul,4,0.5416273071297474,1084,airtone,something
0.2749999999999999,0.050000000000000044,blues/soul,2,0.7521431640446329,1085,Podington Bear,Good
0.2250000000000001,-0.17500000000000004,blues/soul,4,0.6139140618364151,1086,Andrea,Work the Middle
0.25,0.3500000000000001,blues/soul,0,0.5998925048454339,1087,Nambavan,drugs and Russian girls
0.575,0.3999999999999999,blues/soul,0,0.9925319788258049,1088,Virt,Five Nine Seven Eight
0.3500000000000001,0.3999999999999999,blues/soul,0,0.8913790939485099,1089,Bomb Boy,Ignition
0.1499999999999999,0.3999999999999999,blues/soul,2,0.6186865048733563,1090,Nambavan,drugs and Russian girls
0.17500000000000004,0.19999999999999996,blues/soul,2,0.8222167594912657,1091,Nambavan,drugs and Russian girls
0.19999999999999996,0.32499999999999996,blues/soul,2,0.6002144010508085,1092,Nambavan,drugs and Russian girls
0.19999999999999996,0.25,blues/soul,2,0.7197116918481476,1093,Spiedkiks,The Day Before
0.3500000000000001,0.32499999999999996,blues/soul,0,0.8215526681029175,1094,Zabutom,Endorphemeral
0.30000000000000004,0.30000000000000004,blues/soul,0,0.6644449128471235,1095,Simon Stålenhag,Ripple Boogie
-0.30000000000000004,-0.35,blues/soul,1,0.7007436345003156,1096,hizmi,Pendulum II
0.125,0.10000000000000009,blues/soul,2,0.8724269647649258,1097,Madbrain,Oskari the Heimfanker
0.44999999999999996,0.32499999999999996,blues/soul,0,0.9422864396590722,1098,Shogun,V.S.O.P.M.
0.17500000000000004,0.2250000000000001,blues/soul,2,0.8006011779583683,1099,Smoked Meat Fax Machine,Victory
0.32499999999999996,0.1499999999999999,blues/soul,2,0.5190272105219328,1100,Smoked Meat Fax Machine,Slums of Heaven
-0.32499999999999996,-0.65,electronic,1,0.9507898606582308,1101,The Vainglories,Part 1
-0.675,-0.125,classical,1,0.5042279806191294,1102,Kosta T,Smile
-0.35,-0.375,electronic,1,0.7822905760185608,1103,Podington Bear,Colorado
-0.19999999999999996,-0.1499999999999999,jazz,3,0.5373445091429129,1104,Jared C. Balogh,FOR YOU
-0.30000000000000004,-0.32499999999999996,classical,1,0.6521955860531756,1105,The New York Underground Orchestra (Conducted By Assif Tsahar),Second
-0.5,-0.275,classical,1,0.7269659228837421,1106,The New York Underground Orchestra (Conducted By Assif Tsahar),Third
-0.5,-0.44999999999999996,classical,1,0.9210292498860684,1107,Assif Tsahar's Project Solitude,Solitude
-0.050000000000000044,-0.32499999999999996,classical,4,0.46445890392693734,1108,Les Petits Chanteurs de Montigny,Cantique de Jean Racine (Gabriel Fauré)
-0.19999999999999996,-0.65,electronic,1,0.9135510780170629,1109,Nest,Kyoto
0.02499999999999991,0.10000000000000009,rock,2,0.7895982102125473,1110,Diablo Swing Orchestra,Heroines
-0.44999999999999996,-0.525,classical,1,0.9413715885020281,1111,No Regrets For Our Youth,Old New World
-0.475,-0.675,classical,1,0.9755384247693271,1112,No Regrets For Our Youth,Steady
-0.4,-0.5,classical,1,0.9181731646681094,1113,No Regrets For Our Youth,Dance
-0.4,-0.42500000000000004,electronic,1,0.8682343878669776,1114,Nest,Marefjellet
-0.1499999999999999,-0.275,classical,1,0.36949165345894036,1115,The Tudor Consort,Amen
0.17500000000000004,-0.5,classical,4,0.7548964279845347,1116,Peter Rudenko,If
-0.19999999999999996,-0.4,electronic,1,0.6893649409523133,1117,The Vainglories,Part 3
-0.25,-0.775,electronic,1,0.9585425214729991,1118,Nest,Lodge
-0.4,-0.725,classical,1,0.9738110794393481,1119,Peter Rudenko,Waiting
-0.4,-0.55,electronic,1,0.938978495455395,1120,Nest,Cad Goddeu
-0.275,-0.675,electronic,1,0.9453844602505135,1121,Nest,Charlotte
0.44999999999999996,0.10000000000000009,classical,0,0.717054429944681,1122,IKOS David Clifton with the choirs of Peterborough Cathedral,O Little Town Of Bethlehem
-0.475,-0.475,jazz,1,0.9269445426014601,1123,Jared C. Balogh,ROSE
0.10000000000000009,0.02499999999999991,electronic,2,0.800411786803767,1124,David Borden,Part 1
-0.02499999999999991,-0.5,jazz,1,0.609325796579663,1125,Jared C. Balogh,MAY
-0.275,-0.44999999999999996,classical,1,0.8220464814645593,1126,No Regrets For Our Youth,Trace
-0.4,-0.5,classical,1,0.9181731646681094,1127,Assif Tsahar's Project Solitude,Love Is
-0.32499999999999996,-0.575,blues/soul,1,0.9284332219702731,1128,Lee Maddeford,Dreams
-0.375,-0.65,classical,1,0.9599340013983708,1129,IKOS David Clifton with the choirs of Peterborough Cathedral,In The Bleak Mid~Winter
-0.30000000000000004,-0.475,electronic,1,0.8606284912340961,1130,The Vainglories,Part 2
-0.125,-0.4,classical,1,0.5985799035337477,1131,The Tudor Consort,Kyrie Eleison
-0.10000000000000009,-0.4,classical,1,0.5632866432876287,1132,The Tudor Consort,Benedictus
0.0,-0.65,classical,1,0.7472250984184046,1133,Fabrizio Paterlini,Lontana
-0.2250000000000001,-0.725,pop,1,0.9439948402914115,1134,Podington Bear,Fantasy
-0.475,-0.575,electronic,1,0.9596622656865695,1135,Podington Bear,Ever
-0.125,-0.4,classical,1,0.5985799035337477,1136,Marcel Pequel,May
-0.17500000000000004,-0.19999999999999996,classical,3,0.4251061518167919,1137,Steven Arntson,Learn
-0.1499999999999999,-0.32499999999999996,jazz,1,0.48126707535754265,1138,Jared C. Balogh,FIN
0.02499999999999991,-0.625,classical,1,0.6822444095671774,1139,Kimiko Ishizaka,Aria
0.2250000000000001,0.10000000000000009,electronic,2,0.8142473038465567,1140,David Borden,Part 9
-0.125,-0.35,pop,1,0.5009895988500376,1141,Jared C. Balogh,TEAR
-0.44999999999999996,-0.725,classical,1,0.9783619356227249,1142,Marcel Pequel,February
-0.30000000000000004,0.02499999999999991,classical,3,0.8528460454032462,1143,Lee Maddeford and  Roland Vouilloz,Trip
-0.32499999999999996,-0.10000000000000009,classical,3,0.6614499312836953,1144,James Kibbie,BWV 598: Pedal-Exercitium
-0.07499999999999996,-0.65,classical,1,0.8346755017855451,1145,The Tudor Consort,Sanctus
-0.6,-0.4,jazz,1,0.9181621477663457,1146,Muhal Richard Abrams,Duet for Violin and Piano
-0.10000000000000009,-0.35,electronic,1,0.46567478232085324,1147,Lanark,Valentina
-0.4,-0.5,classical,1,0.9181731646681094,1148,Bosques de mi Mente,El transcurrir de las horas
-0.25,-0.6,classical,1,0.913257347186251,1149,Fabrizio Paterlini,Viandanze
-0.2250000000000001,-0.675,classical,1,0.9312618560960048,1150,Fabrizio Paterlini,Profondo Blu
0.0,0.1499999999999999,rock,2,0.7844908200831441,1151,Dr. Phibes and The Ten Plagues of Egypt,O Fortuna
0.2749999999999999,0.1499999999999999,classical,2,0.6671302184208884,1152,Lee Maddeford,Finale
-0.275,-0.625,classical,1,0.9312789836256079,1153,Peter Rudenko,The Fall
-0.275,-0.1499999999999999,classical,3,0.5509715318593706,1154,Lee Maddeford,Mome
-0.19999999999999996,-0.17500000000000004,classical,3,0.48548715460820996,1155,Andrew Christopher Smith,for String Quartet
0.5,0.1499999999999999,electronic,0,0.8747589328594723,1156,The Tleilaxu Music Machine,Tleilaxuburg5 Movement V
0.4750000000000001,0.2749999999999999,electronic,0,0.9374513359431195,1157,The Tleilaxu Music Machine,Tleilaxuburg5 Movement IV
0.30000000000000004,0.30000000000000004,electronic,0,0.6644449128471235,1158,The Tleilaxu Music Machine,Tleilaxuburg5 Movement III
0.19999999999999996,0.25,electronic,2,0.7197116918481476,1159,The Tleilaxu Music Machine,Tleilaxuburg5 Movement II
0.3500000000000001,0.10000000000000009,electronic,2,0.5213878136017244,1160,The Tleilaxu Music Machine,Tleilaxuburg5 Movement I
-0.2250000000000001,-0.625,classical,1,0.9138685688907598,1161,Kosta T,Impression
-0.35,-0.30000000000000004,electronic,1,0.6476988414140438,1162,Ventolyn & Becotyde,Screen
0.30000000000000004,0.07499999999999996,classical,2,0.6889199377093759,1163,IKOS David Clifton with the choirs of Peterborough Cathedral,For Unto Us A Child Is Born
-0.35,-0.475,classical,1,0.8849229890507367,1164,Marcel Pequel,January
-0.375,-0.55,electronic,1,0.9328162280301078,1165,Ventolyn & Becotyde,posture
-0.10000000000000009,-0.42500000000000004,folk/country,1,0.6077616981408214,1166,E. R. Goodman,Open Door
-0.35,-0.55,classical,1,0.9258744170053209,1167,Marcel Pequel,March
-0.1499999999999999,-0.42500000000000004,classical,1,0.6735842844253459,1168,Corey Cerovsek,piano
-0.275,-0.55,electronic,1,0.8992136127289595,1169,Lanark,Chopin Bee
-0.475,-0.725,classical,1,0.9802357164547744,1170,Evgeny Grinko,other child room
-0.35,-0.775,electronic,1,0.9733364642420067,1171,Podington Bear,Crow
-0.275,-0.625,folk/country,1,0.9312789836256079,1172,E. R. Goodman,Morning
-0.17500000000000004,-0.25,classical,1,0.3407669387198796,1173,John Moran,Dream Time
-0.35,-0.42500000000000004,classical,1,0.842496933548082,1174,No Regrets For Our Youth,Thinking Different Doing Same vs. Doing Different Thinking Same
-0.32499999999999996,-0.4,electronic,1,0.7982143336758789,1175,Mandy Mozart Feat. Jiin Ko,Coincidence
-0.02499999999999991,-0.575,classical,1,0.7074494294110639,1176,IKOS David Clifton with the choirs of Peterborough Cathedral,Bethlehem Down
0.050000000000000044,-0.42500000000000004,classical,4,0.5677575505948429,1177,IKOS David Clifton with the choirs of Peterborough Cathedral,Away In A Manger
-0.02499999999999991,-0.125,classical,4,0.3688009650578435,1178,Nicola Benedetti,piano
-0.4,-0.2250000000000001,classical,1,0.5116697831260222,1179,Evgeny Grinko,28359840921=42
-0.42500000000000004,-0.6,classical,1,0.9577014922760612,1180,Circus Marcus,La rencontre
-0.32499999999999996,-0.1499999999999999,classical,3,0.5402390460186861,1181,Lee Maddeford and  Roland Vouilloz,Black Man
-0.575,-0.7,electronic,1,0.9840849298899706,1182,Textile Audio,Inside
-0.32499999999999996,-0.44999999999999996,classical,1,0.8525283194860377,1183,James Kibbie,BWV 591: Little Harmonic Labyrinth
-0.19999999999999996,-0.675,classical,1,0.9224918447475801,1184,Marcel Pequel,Two
0.30000000000000004,-0.050000000000000044,classical,2,0.6323186972084517,1185,James Kibbie,BWV 590: Pastorale in F Major - 4. [Gigue
-0.32499999999999996,-0.775,classical,1,0.9703573423089441,1186,Jozef van Wissem,How The Soul Has Arrived At Understanding Of Her Nothingness
-0.1499999999999999,-0.2250000000000001,electronic,3,0.36698661504089664,1187,Ventolyn & Becotyde,Cable
-0.07499999999999996,-0.42500000000000004,classical,1,0.5704665302398494,1188,Circus Marcus,Les accouplements répétitifs
-0.050000000000000044,-0.44999999999999996,classical,1,0.5730289237139813,1189,Circus Marcus,La tragédie de la femme a poils
-0.375,-0.7,classical,1,0.9679453824101857,1190,Circus Marcus,La chambre
-0.1499999999999999,-0.6,pop,1,0.8613111169471085,1191,Podington Bear,Sunset
-0.32499999999999996,-0.525,folk/country,1,0.9056921407561249,1192,E. R. Goodman,Driving
-0.1499999999999999,-0.275,folk/country,1,0.36949165345894036,1193,E. R. Goodman,Always Greener
-0.4,-0.625,folk/country,1,0.9590301862255924,1194,E. R. Goodman,Nothing
-0.19999999999999996,-0.25,classical,1,0.36756630331486034,1195,Lee Maddeford and  Roland Vouilloz,Sailing
-0.30000000000000004,-0.575,classical,1,0.9206035261582819,1196,Lee Maddeford and  Roland Vouilloz,Free Me
-0.275,-0.55,classical,1,0.8992136127289595,1197,Kosta T,New Life
-0.375,-0.8,classical,1,0.9778541161075468,1198,Felipe Sarro,Miroirs II Oiseaux Tristes
-0.125,-0.375,electronic,1,0.5513705748739418,1199,Textile Audio,Punishment
-0.44999999999999996,-0.35,classical,1,0.8140368077880258,1200,James Kibbie,BWV 590: Pastorale in F Major - 3. [Aria
0.25,0.125,rock,2,0.7556299659881972,1201,Shannon And The Clams,Flowers
-0.2250000000000001,-0.575,folk/country,1,0.8900393188673101,1202,The Black Swans,Friends
-0.25,-0.4,folk/country,1,0.7384899766437691,1203,The 'Mericans,Charlotte
0.3999999999999999,0.125,folk/country,0,0.6388238196258641,1204,The Volebeats,One I Love
0.25,0.17500000000000004,folk/country,2,0.6983019478503313,1205,The Pine Valley Cosmonauts - Alejandro Escovedo &amp; Jon Langford With Dave Alvin,Bad News
0.02499999999999991,0.19999999999999996,folk/country,2,0.8425316079028434,1206,My Morning Jacket,One Big Holiday
-0.07499999999999996,-0.4,pop,1,0.5254722689814483,1207,LE CLUB DES CHATS,The swimming pool
0.30000000000000004,-0.10000000000000009,folk/country,2,0.5067406462481887,1208,Factories and Alleyways,Hallelujah
-0.1499999999999999,-0.575,folk/country,1,0.8440760399046519,1209,Matt Valentine & Erika Elder,Cold Rain
-0.30000000000000004,-0.65,folk/country,1,0.9452434049383847,1210,Edith Frost,Temporary Loan
0.125,-0.07499999999999996,folk/country,2,0.6188100451689276,1211,Alejandro Escovedo,Rosalie
-0.375,-0.575,folk/country,1,0.941459423501187,1212,Alejandro Escovedo,One More Time
-0.475,-0.55,folk/country,1,0.9536033381881375,1213,Edith Frost,Walk on the Fire
0.30000000000000004,0.07499999999999996,folk/country,2,0.6889199377093759,1214,Rex Hobart &amp; the Misery Boys,Nothin' But Nothin'
0.30000000000000004,0.1499999999999999,folk/country,2,0.5958190588380468,1215,The Cracker Cats,We Plant Trees
0.125,0.07499999999999996,folk/country,2,0.8608763523820718,1216,The Meat Purveyors,More Man
-0.275,-0.6,folk/country,1,0.9223017232122018,1217,Edith Frost,Wonder Wonder
-0.275,-0.2250000000000001,folk/country,1,0.3828142342311543,1218,The 'Mericans,Off The Trail
-0.17500000000000004,-0.7,folk/country,1,0.9208838565565807,1219,Edith Frost,Pony Song
-0.35,-0.7,folk/country,1,0.9644908055502357,1220,Edith Frost,Who
0.10000000000000009,0.07499999999999996,folk/country,2,0.8502113889042803,1221,The Meat Purveyors,Hanged Man
-0.2250000000000001,-0.44999999999999996,folk/country,1,0.7846151945144829,1222,Matt Valentine & Erika Elder,The Burden
-0.10000000000000009,0.1499999999999999,rock,2,0.510674129235511,1223,Golden Boys,California
0.30000000000000004,0.44999999999999996,electronic,0,0.8626446224390372,1224,Boris & Olivier,Morgenstern
-0.4,-0.10000000000000009,folk/country,3,0.6347942293566421,1225,Two Prong,Earth
-0.275,-0.30000000000000004,folk/country,1,0.5713243637754168,1226,Matt Valentine & Erika Elder,East Mountain Joint
-0.07499999999999996,0.17500000000000004,blues/soul,2,0.6144631241965561,1227,Jimmy Cousins,Trouble
0.10000000000000009,-0.42500000000000004,folk/country,4,0.6733554144570212,1228,Glenn Jones,Little Dog's Day
0.050000000000000044,-0.17500000000000004,folk/country,4,0.5101596704274252,1229,The Meat Purveyors,Circus Clown
0.07499999999999996,-0.32499999999999996,folk/country,4,0.686553855492233,1230,Mild Winter,One More Night
0.125,0.375,rock,2,0.7219561892805078,1231,Jimmy Cousins,Moment
0.4750000000000001,0.32499999999999996,folk/country,0,0.9569368736248595,1232,The Meat Purveyors,Muleskinner
0.125,-0.050000000000000044,folk/country,2,0.6842771010637217,1233,Alejandro Escovedo,I Was Drunk
-0.10000000000000009,-0.5,folk/country,1,0.7198465005666816,1234,Stray Dogg,Almost
-0.02499999999999991,0.19999999999999996,folk/country,2,0.7620209382108437,1235,Megan Jean and the Klay Family Band,Red Red
-0.125,-0.02499999999999991,folk/country,3,0.5922844056254207,1236,Trailer Bride,Hope Is A Thing With Feathers
-0.2250000000000001,-0.42500000000000004,folk/country,1,0.7521980877733491,1237,Stray Dogg,Soul
0.125,0.02499999999999991,rock,2,0.8175864233345844,1238,Oakley Hall,Landlord
0.32499999999999996,0.42500000000000004,folk/country,0,0.8779072394976389,1239,Th' Legendary Shack Shakers,Pinetree Boogie
-0.575,-0.6,folk/country,1,0.9743295739638417,1240,Alejandro Escovedo,Broken Bottle
-0.2250000000000001,-0.32499999999999996,folk/country,1,0.5725959408065437,1241,Stray Dogg,Break
-0.07499999999999996,-0.17500000000000004,folk/country,4,0.4093169119585777,1242,Sean Hayes,Alabama Chicken
0.19999999999999996,0.17500000000000004,rock,2,0.8038844959991296,1243,The Crevulators,Hung Over
-0.10000000000000009,-0.32499999999999996,rock,1,0.41398158425693254,1244,Benji Hughes,Country Love
0.3500000000000001,0.07499999999999996,folk/country,2,0.5547646874673705,1245,The Meat Purveyors,Look On Your Face
-0.125,-0.475,folk/country,1,0.7173944623176007,1246,Lee Maddeford,Babe
-0.1499999999999999,0.32499999999999996,blues/soul,3,0.5876889858632015,1247,Jimmy Cousins,Bottle
-0.32499999999999996,-0.5,folk/country,1,0.8909732621543488,1248,Mild Winter,Prayer
0.02499999999999991,0.1499999999999999,rock,2,0.8241268023640488,1249,Oakley Hall,Light of My Love
0.5,0.6000000000000001,rock,0,0.9960875819576868,1250,Hayvanlar Alemi,Karpuzkafa 777
0.4750000000000001,0.32499999999999996,folk/country,0,0.9569368736248595,1251,Lee Maddeford,I'm going home
0.050000000000000044,0.02499999999999991,rock,2,0.7397701161950552,1252,Dr. Frankenstein,O Cérebro do Morto
-0.2250000000000001,-0.5,rock,1,0.8367136277966316,1253,Navel,Our Mother The Mountain
-0.07499999999999996,0.30000000000000004,folk/country,2,0.661685311338377,1254,Th' Legendary Shack Shakers,Help Me From My Brain
-0.4,-0.75,folk/country,1,0.9762107632827222,1255,Stray Dogg,Don't Go
0.17500000000000004,0.125,folk/country,2,0.8594624953057243,1256,Factories and Alleyways,Life Is Now
0.0,-0.30000000000000004,folk/country,4,0.5638581984955989,1257,Waylon Thornton,Four
0.17500000000000004,0.1499999999999999,rock,2,0.851878704043246,1258,Shannon And The Clams,Louie
-0.35,-0.55,pop,1,0.9258744170053209,1259,Monk Turner + Fascinoma,Prisoner
0.55,0.375,rock,0,0.9878454408760026,1260,The Crevulators,Anything You Want
-0.30000000000000004,-0.475,folk/country,1,0.8606284912340961,1261,The Black Swans,Joe Tex
-0.125,-0.050000000000000044,folk/country,3,0.5831493784807569,1262,Trailer Bride,Skinny White Girl
0.19999999999999996,0.02499999999999991,folk/country,2,0.8216517860972606,1263,The Pine Valley Cosmonauts - Skid Marks With Sally Timms,Homicide
-0.10000000000000009,-0.35,folk/country,1,0.46567478232085324,1264,Al Duvall,Where The Comet Falls
0.19999999999999996,0.125,folk/country,2,0.8355697473886382,1265,Carsie Blanton,Smoke Alarm
0.1499999999999999,0.02499999999999991,blues/soul,2,0.8267469467013923,1266,Jimmy Cousins,Ladies
-0.125,-0.32499999999999996,folk/country,1,0.4482116568287333,1267,Uke Stanza,The Picket Line
0.07499999999999996,-0.32499999999999996,folk/country,4,0.686553855492233,1268,Glenn Jones,A Geranium for Mano-A-Mano
-0.375,-0.1499999999999999,folk/country,3,0.5166838688900185,1269,Pine Valley Cosmonauts W/ Puerto Muerto,The Hangman's Song
-0.10000000000000009,0.07499999999999996,rock,3,0.4962718306724201,1270,Voodoo Puppets,Intro
-0.10000000000000009,-0.07499999999999996,folk/country,3,0.5193130216295425,1271,Stray Dogg,Disappear
-0.25,-0.44999999999999996,folk/country,1,0.8042986281703437,1272,Waylon Thornton,Six
-0.050000000000000044,0.1499999999999999,rock,2,0.6690935886076532,1273,Colin Langenus,Blues
0.25,0.10000000000000009,folk/country,2,0.7750292748967927,1274,Robo,Es un crimen
-0.375,-0.55,folk/country,1,0.9328162280301078,1275,Wooden Ambulance,New Love
-0.050000000000000044,0.125,pop,2,0.6459898626191827,1276,Noise Problems Selections,Storm
-0.525,-0.7,folk/country,1,0.9814921885673407,1277,Carsie Blanton,Honest Truth
0.02499999999999991,-0.2250000000000001,folk/country,4,0.5706364643973657,1278,Carsie Blanton,All We Got
0.1499999999999999,-0.19999999999999996,rock,4,0.6323327604254294,1279,The Moaners,Monkey Tongue
0.2250000000000001,0.10000000000000009,folk/country,2,0.8142473038465567,1280,Carsie Blanton,Idiot Heart
0.10000000000000009,-0.125,folk/country,2,0.43937923553121316,1281,Jason Shaw,PARTING GLASS
0.44999999999999996,0.3500000000000001,rock,0,0.9519916696353914,1282,Colin L. Orchestra,Nothing to Say
-0.42500000000000004,0.050000000000000044,rock,3,0.8900067963504078,1283,Two Prong,Stream
0.32499999999999996,0.3999999999999999,electronic,0,0.8557473034854226,1284,Boris & Olivier,I can't help myself
0.02499999999999991,-0.02499999999999991,rock,2,0.595213932281856,1285,These Hills of Gold,Free Association
-0.30000000000000004,-0.5,folk/country,1,0.879662484997629,1286,The 'Mericans,Mason/Dixon
-0.125,-0.17500000000000004,folk/country,3,0.4396646464610315,1287,Alice Rose,We Plant Trees
0.050000000000000044,-0.4,folk/country,4,0.5935436027763517,1288,Bill Crosson,We Plant Trees
0.0,-0.1499999999999999,folk/country,4,0.42970668078776214,1289,Glenn Jones,Fahey's Car
0.3999999999999999,0.3999999999999999,folk/country,0,0.9396527676827577,1290,Dallas Kincaid,you got a broken heart
-0.35,-0.625,folk/country,1,0.9500015990155628,1291,Shake That Little Foot,The Lark in the Clear Air
0.1499999999999999,0.050000000000000044,folk/country,2,0.848968207662391,1292,Trailer Bride,Itchin' For You
0.17500000000000004,0.02499999999999991,folk/country,2,0.8281311154734451,1293,Trailer Bride,Too Many Snakes
0.2250000000000001,0.125,folk/country,2,0.8011308445419747,1294,Trailer Bride,Pasture
0.4750000000000001,0.3500000000000001,folk/country,0,0.9642993974601266,1295,Moonshine Willy,18 Wheels
0.0,0.2250000000000001,folk/country,2,0.8153871073483633,1296,Alejandro Escovedo,Everybody Loves Me
-0.050000000000000044,-0.32499999999999996,folk/country,4,0.46445890392693734,1297,Al Duvall,Bury Me In Shellac
0.4750000000000001,0.1499999999999999,folk/country,0,0.8413394641086901,1298,The Cornell Hurd Band,Don't Wipe Your Face With Your Shirt
-0.125,-0.07499999999999996,folk/country,3,0.5670759108805595,1299,Protestant Work Ethic,As They Are Blown Here And There
0.25,-0.125,folk/country,2,0.4756756910843753,1300,Al Duvall,Five Against One
-0.1499999999999999,-0.55,electronic,1,0.8242138963076029,1301,Jupiter Makes Me Scream,Blow
-0.1499999999999999,-0.30000000000000004,electronic,1,0.42578583151777377,1302,Jupiter Makes Me Scream,Picture
0.2749999999999999,0.375,rock,0,0.717176298696197,1303,The Courier,Feel Right
0.050000000000000044,0.32499999999999996,rock,2,0.8450836319408219,1304,Control Alt Deus,Control
-0.07499999999999996,0.30000000000000004,electronic,2,0.661685311338377,1305,The S.K.,Alone
0.07499999999999996,0.07499999999999996,electronic,2,0.8310949298924897,1306,Band of Mad Women,The Cave
0.02499999999999991,0.10000000000000009,rock,2,0.7895982102125473,1307,Source Of Yellow,Maybe!
0.19999999999999996,0.07499999999999996,electronic,2,0.8436934842096945,1308,Just Plain Ant,Take Me Away
0.375,0.6000000000000001,electronic,0,0.9814211977648872,1309,Mizuki's Last Chance,Yeah
0.02499999999999991,-0.1499999999999999,electronic,4,0.44216501978446204,1310,High Places,From Stardust to Sentience
-0.2250000000000001,-0.375,rock,1,0.6726175287722193,1311,The Womb,Lullaby
0.07499999999999996,-0.25,rock,4,0.6559436734176995,1312,The Womb,Overture
-0.19999999999999996,-0.5,electronic,1,0.8186500765283373,1313,The Hunters,Shine
-0.2250000000000001,-0.2250000000000001,rock,3,0.3797225375395623,1314,The Womb,Disco Suicide
0.5,0.3500000000000001,electronic,0,0.9734467496872211,1315,Tab & Anitek,Follow the Leader
0.050000000000000044,-0.25,electronic,4,0.625532055722439,1316,Tab & Anitek,Dreams
0.07499999999999996,0.30000000000000004,electronic,2,0.8524255325583302,1317,The Easton Ellises,Black Love
-0.050000000000000044,-0.17500000000000004,rock,4,0.432922870875335,1318,Mr. Bitterness and the Guilty Pleasures,Lost
0.375,0.1499999999999999,electronic,0,0.6155048307342987,1319,The Kandis Project,Jammin
-0.30000000000000004,0.375,electronic,3,0.942048685681643,1320,Zombectro & JDDJ3J,Macabre
-0.125,0.17500000000000004,electronic,3,0.5268576048593797,1321,happiness in aeroplanes,alphaville
0.375,0.125,rock,0,0.5655186649716587,1322,Pink Skull,(part 3)
0.125,0.0,electronic,2,0.783387692999488,1323,Pogo,Lost
0.2749999999999999,0.42500000000000004,electronic,0,0.7883063956829977,1324,The Carrier Wave,Sky Eyes
0.2250000000000001,0.19999999999999996,rock,2,0.7266997730076723,1325,The Munitionettes,Cold
0.2749999999999999,0.0,electronic,2,0.7360802811901224,1326,Peter Sharp,Come to me
0.125,-0.55,electronic,4,0.5922536244206558,1327,All India Radio,Lucky
-0.1499999999999999,-0.575,electronic,1,0.8440760399046519,1328,Monokle & Galun,Long
0.07499999999999996,-0.19999999999999996,electronic,4,0.5794462572576686,1329,Monokle & Galun,Means
0.17500000000000004,0.55,electronic,0,0.7130453612679375,1330,I.D. & Baobinga,The King
0.07499999999999996,-0.1499999999999999,electronic,4,0.46181441781151433,1331,Dan Deacon,Woof Woof
-0.625,-0.675,electronic,1,0.9843582865348628,1332,Illusion of Safety,Wasteland
-0.125,0.17500000000000004,rock,3,0.5268576048593797,1333,Suicide,Dream Baby Dream
-0.30000000000000004,0.7,electronic,3,0.9851736001189457,1334,I Have Clones,Eyes
0.10000000000000009,0.1499999999999999,rock,2,0.8801452632703964,1335,Nine Inch Nails,9 Ghosts I
-0.35,-0.575,electronic,1,0.9353458378193783,1336,The VME,Sorry
0.0,0.375,electronic,2,0.8001667502471312,1337,Je deviens dj en 3 jours,Intro
0.30000000000000004,0.3500000000000001,electronic,0,0.7442884486099812,1338,Tom Woxom,Diego
0.55,0.44999999999999996,rock,0,0.993210638884276,1339,Anamanaguchi,Sting Operation
0.3500000000000001,0.17500000000000004,rock,0,0.5881457655543121,1340,Pornophonique,Sad Robot
-0.375,-0.44999999999999996,electronic,1,0.8774037018136738,1341,Maps And Diagrams,The World And You
0.375,0.3500000000000001,electronic,0,0.88503841118375,1342,The Easton Ellises,Insomnia
0.25,0.10000000000000009,electronic,2,0.7750292748967927,1343,krackatoa,I am a Drone
0.32499999999999996,0.125,electronic,2,0.5597191445711786,1344,jonas the plugexpert,Brie
-0.125,-0.525,electronic,1,0.7773476799334662,1345,BrandyAlexanderProject + Laps,Rain
0.375,0.1499999999999999,electronic,0,0.6155048307342987,1346,Nameless Dancers,Night Dance
-0.10000000000000009,-0.25,electronic,4,0.4163701595903931,1347,Marc de Blanchard,Pont
0.19999999999999996,0.32499999999999996,rock,2,0.6002144010508085,1348,Anamanaguchi,Jetpack Blues Sunset Hues
0.050000000000000044,0.050000000000000044,rock,2,0.7749235656964568,1349,Björn & Gorden,V
-0.25,-0.6,electronic,1,0.913257347186251,1350,Jupiter Makes Me Scream,This Girl
0.32499999999999996,0.2250000000000001,electronic,0,0.6054850913253049,1351,Bit Shifter,Hexadecimal Genome
0.42500000000000004,0.3500000000000001,electronic,0,0.9355260272930145,1352,The Model,The Simple Life
0.07499999999999996,0.3500000000000001,electronic,2,0.8217453120068973,1353,krackatoa,Goldengate honey
-0.10000000000000009,-0.75,electronic,1,0.9020807661075838,1354,julien neto,From Cover To Cover
0.32499999999999996,-0.30000000000000004,electronic,4,0.9258948189358747,1355,The Kirbi,Metronome
0.050000000000000044,0.050000000000000044,electronic,2,0.7749235656964568,1356,Etiket Zerø feat. MC B.Wayne,Afrika
-0.125,0.25,electronic,3,0.5014083133316831,1357,Ant The Symbol,The Nosebleed
0.25,0.25,rock,2,0.5786831559407559,1358,The Rapture,Sister Saviour (Blackstrobe Remix)
-0.35,-0.4,electronic,1,0.8149591593891325,1359,Out Of Orion (Ox3),Horror House
0.125,-0.525,electronic,4,0.621564703835724,1360,Tab & Anitek,Air
-0.1499999999999999,-0.625,rock,1,0.8762425370682475,1361,un automne à Lob-Nor,birds
-0.1499999999999999,0.10000000000000009,rock,3,0.6421508316757346,1362,Nine Inch Nails,7 Ghosts I
0.02499999999999991,-0.35,rock,4,0.5854091289646342,1363,Cold Cave,Love Comes Close
-0.17500000000000004,0.30000000000000004,electronic,3,0.674065348600486,1364,Blue Stork,END
0.375,0.3500000000000001,electronic,0,0.88503841118375,1365,Bit Shifter,Particle Charge
0.10000000000000009,0.32499999999999996,electronic,2,0.8181780892486777,1366,The Easton Ellises,Glitches
0.5249999999999999,0.55,electronic,0,0.9957606474318791,1367,Bit Shifter,Reformat The Planet
-0.4,-0.42500000000000004,electronic,1,0.8682343878669776,1368,The Kandis Project,Be Sweet
0.44999999999999996,0.3999999999999999,electronic,0,0.9668980519094021,1369,Bit Shifter,Activation Theme
-0.17500000000000004,-0.2250000000000001,electronic,3,0.37509227073776624,1370,Cornelius,Wataridori 2
0.17500000000000004,0.10000000000000009,electronic,2,0.8616731196983393,1371,Dan Deacon,Of the Mountains
-0.050000000000000044,0.050000000000000044,electronic,2,0.5471600561919774,1372,DJ Spooky,Nocturne
0.3999999999999999,0.17500000000000004,electronic,0,0.7281993467861212,1373,pink,magical shower outrun
0.25,-0.2250000000000001,electronic,4,0.7695292226291014,1374,happiness in aeroplanes,white noise
0.1499999999999999,0.1499999999999999,electronic,2,0.8708675486969947,1375,Band of Mad Women,Water Song
0.5,0.3999999999999999,electronic,0,0.9818643139899627,1376,krackatoa,Speedracer
-0.32499999999999996,-0.475,rock,1,0.8734296521850262,1377,krackatoa,Blood Moon Rising
0.125,0.17500000000000004,rock,2,0.8774731618830967,1378,Björn & Gorden,III
0.19999999999999996,0.17500000000000004,electronic,2,0.8038844959991296,1379,krackatoa,Look up to the Sky
-0.2250000000000001,-0.125,rock,3,0.5984514458445628,1380,un automne à Lob-Nor,untitled
0.2749999999999999,0.5249999999999999,electronic,0,0.8891810399167546,1381,Wisp,Out Of Season
-0.050000000000000044,-0.07499999999999996,electronic,3,0.40999466284109215,1382,epsilon not,waiting
0.1499999999999999,-0.5,electronic,4,0.7043328538691039,1383,khonnor,Blindness Bats
0.19999999999999996,0.10000000000000009,electronic,2,0.8428991429621122,1384,Sabi,Screaming Bulb (10'3'23)
0.25,0.25,electronic,2,0.5786831559407559,1385,I.D. & Baobinga,Red Dust
0.2250000000000001,0.0,electronic,2,0.7847613642588034,1386,Math and Physics Club,Graduation Day
0.2749999999999999,-0.125,electronic,4,0.4873014093327078,1387,Bit Shifter,Chase Init_
0.44999999999999996,0.7,rock,0,0.9966305969986498,1388,Anamanaguchi,Power Supply
-0.19999999999999996,-0.42500000000000004,electronic,1,0.7284263655224723,1389,Guitar Wizards of the Future,Indiana
0.2749999999999999,0.32499999999999996,electronic,0,0.6331754783280495,1390,Doctor P,Sweet Shop
-0.17500000000000004,0.17500000000000004,electronic,3,0.6938196435189565,1391,Azoora feat. graciellita,Ugly Weather
0.30000000000000004,0.42500000000000004,rock,0,0.8382473074215672,1392,Anamanaguchi,Airbase
0.30000000000000004,-0.2250000000000001,electronic,4,0.8115782990916277,1393,Thievery Corporation,DC 3000
0.25,-0.2250000000000001,electronic,4,0.7695292226291014,1394,Jesse Futerman,blue
-0.07499999999999996,-0.375,rock,1,0.4780419173153766,1395,The Womb,Laurensong
0.2749999999999999,0.25,rock,2,0.499023624433736,1396,The Courier,Panic Attack
-0.17500000000000004,-0.42500000000000004,electronic,1,0.7022912744391686,1397,Sabi,Wet
0.4750000000000001,0.6499999999999999,rock,0,0.9963765560025746,1398,Norrin Radd,Process of Macrocosmic Emaciation
0.2749999999999999,0.3500000000000001,electronic,0,0.6766127507220533,1399,kilowatts,Glob Story
0.1499999999999999,0.19999999999999996,rock,2,0.8522225989241233,1400,Norrin Radd,Four Lights
0.19999999999999996,0.07499999999999996,rock,2,0.8436934842096945,1401,Mars Payne,The End
0.1499999999999999,-0.625,electronic,4,0.5655723374680482,1402,Harry the Cap,The Little Drummer Boy
0.1499999999999999,0.02499999999999991,pop,2,0.8267469467013923,1403,Josh Woodward,Go
-0.30000000000000004,-0.575,rock,1,0.9206035261582819,1404,Art of Flying,sleep
-0.32499999999999996,-0.7,rock,1,0.9605546849062717,1405,Art of Flying,air
-0.275,-0.32499999999999996,rock,1,0.6269247708636405,1406,Art of Flying,garden of earthly delights
-0.35,-0.30000000000000004,folk/country,1,0.6476988414140438,1407,The Wingdale Community Singers,No Rest
-0.19999999999999996,0.0,pop,3,0.7448684932774534,1408,The Subhuman,Whatever
-0.02499999999999991,-0.32499999999999996,rock,4,0.5086708329207239,1409,Johnny Favourite and the Exs,Of Love
0.25,-0.1499999999999999,rock,4,0.5522335823885379,1410,Suspicious for the Winter,Empty Streets
-0.275,-0.575,rock,1,0.9117145433350383,1411,Roach Davies And The Fleas,Do Wanna
-0.10000000000000009,-0.44999999999999996,rock,1,0.6487703827832616,1412,Roach Davies And The Fleas,Old Mine
-0.17500000000000004,-0.2250000000000001,rock,3,0.37509227073776624,1413,Roach Davies And The Fleas,Navigator
-0.32499999999999996,-0.25,rock,1,0.500518637305552,1414,Bad Night Moon Shadow,Wonder
0.17500000000000004,-0.07499999999999996,folk/country,2,0.6461823361171802,1415,Misay Day,Sunday
-0.1499999999999999,-0.575,folk/country,1,0.8440760399046519,1416,Howie Mitchell & Charlotte Williams,Instrumental
-0.10000000000000009,-0.65,folk/country,1,0.8558059717618437,1417,Howie Mitchell & Charlotte Williams,Greensleeves
-0.17500000000000004,-0.30000000000000004,folk/country,1,0.45667495972849426,1418,Trinity the Band of Pan,the kingdom
-0.32499999999999996,-0.625,folk/country,1,0.9445538136915309,1419,Trinity the Band of Pan,descend
-0.050000000000000044,-0.475,folk/country,1,0.613027781565382,1420,The Dove and The Wolf,On the Other Side
-0.19999999999999996,-0.44999999999999996,folk/country,1,0.762767753337874,1421,Howie & Ann Mitchell,Medley
-0.2250000000000001,-0.55,rock,1,0.8749806677981331,1422,The Dove & The Wolf,On the Other Side
-0.19999999999999996,0.125,rock,3,0.7706339336330504,1423,The Peach Tree,Begin
-0.125,-0.375,rock,1,0.5513705748739418,1424,The Peach Tree,A Star
0.02499999999999991,0.050000000000000044,rock,2,0.7333233805187364,1425,The Peach Tree,The Promise
0.3999999999999999,0.3500000000000001,pop,0,0.9136805588793979,1426,The Nighttime Adventure Society,L.A.
0.0,-0.02499999999999991,pop,2,0.5374242402307906,1427,Delphine Dora & The Unexpected,Big mess
-0.07499999999999996,-0.375,pop,1,0.4780419173153766,1428,Entertainment for the Braindead,A River
-0.5,-0.675,pop,1,0.9775620872552854,1429,Delphine Dora & The Unexpected,the absence
-0.10000000000000009,-0.44999999999999996,pop,1,0.6487703827832616,1430,Delphine Dora & The Unexpected,Waltz
-0.2250000000000001,-0.2250000000000001,folk/country,3,0.3797225375395623,1431,The Chapin Sisters,Let Me Go
-0.32499999999999996,-0.6,rock,1,0.9371771673217374,1432,The Peach Tree,Seventeen
-0.25,-0.35,folk/country,1,0.6518588211577049,1433,Collection of the Late Howell Bend,Side A
-0.32499999999999996,-0.55,folk/country,1,0.9180479840278025,1434,The Chapin Sisters,Don't Love You
-0.35,0.07499999999999996,rock,3,0.9076801988710189,1435,The Peach Tree,Hold On
-0.07499999999999996,-0.30000000000000004,pop,4,0.4382085547511314,1436,Inch Chua,Hurt
0.02499999999999991,-0.125,rock,4,0.3850027019168971,1437,The Simple Carnival,Misery
-0.35,-0.525,folk/country,1,0.914575844775933,1438,My Bubba & Mi,Really Really
-0.2250000000000001,-0.525,folk/country,1,0.8573448950241642,1439,My Bubba & Mi,Gone
0.02499999999999991,-0.02499999999999991,rock,2,0.595213932281856,1440,Rocketship Park,Head
0.0,-0.25,rock,4,0.5584870413297015,1441,Ben Mason,Easy
0.07499999999999996,-0.55,pop,1,0.4861314843617955,1442,Entertainment for the Braindead,Winter.
0.19999999999999996,-0.525,pop,4,0.7807602121276777,1443,Entertainment for the Braindead,Afternoon.
-0.10000000000000009,-0.475,pop,1,0.6861362470945201,1444,Entertainment for the Braindead,Cocoon.
0.02499999999999991,-0.35,pop,4,0.5854091289646342,1445,Entertainment for the Braindead,Home.
0.19999999999999996,-0.44999999999999996,pop,4,0.8332937113336821,1446,Entertainment for the Braindead,Sleep.
-0.1499999999999999,-0.2250000000000001,rock,3,0.36698661504089664,1447,The Wispy Hummers,In Your Eyes
-0.1499999999999999,-0.1499999999999999,rock,3,0.5039444845335347,1448,The Wispy Hummers,My Love
-0.10000000000000009,-0.2250000000000001,folk/country,4,0.4139442914407969,1449,Srch Party,Man
0.17500000000000004,0.0,pop,2,0.7996995137422837,1450,Clare and The Reasons,PS
0.02499999999999991,-0.050000000000000044,pop,2,0.5341872557820821,1451,Clare and The Reasons,The Lake
-0.19999999999999996,-0.275,pop,1,0.42751145828421483,1452,The LibraryAnns,#6
-0.25,-0.30000000000000004,rock,1,0.5440184552722577,1453,Mark Humble & Dave Foster,Stella
0.050000000000000044,-0.35,pop,4,0.6328789285433254,1454,The LibraryAnns,#5
-0.2250000000000001,-0.19999999999999996,folk/country,3,0.43511650436406757,1455,Not From This World,Pain
-0.17500000000000004,-0.7,folk/country,1,0.9208838565565807,1456,Not From This World,We
0.10000000000000009,-0.050000000000000044,folk/country,2,0.6595095737799065,1457,Falcao and Monashee,Money
-0.19999999999999996,-0.07499999999999996,folk/country,3,0.6682867997470705,1458,Falcao and Monashee,Heaven
0.10000000000000009,0.02499999999999991,other,2,0.800411786803767,1459,Live at WFMU on Gaylord Fields' Show on September 25,Sons And Daughters
-0.050000000000000044,-0.275,folk/country,4,0.4868223768261095,1460,The Twin Atlas,Shout Out
0.07499999999999996,-0.19999999999999996,folk/country,4,0.5794462572576686,1461,The Twin Atlas,Roll On
-0.050000000000000044,-0.275,folk/country,4,0.4868223768261095,1462,The Twin Atlas,Fall Away
-0.42500000000000004,-0.5,folk/country,1,0.9253843148407784,1463,Spires That in the Sunset Rise,Clouds
-0.050000000000000044,-0.1499999999999999,rock,4,0.39811492657599423,1464,Mike Doughty,Looking At The World From The Bottom Of A Well
0.050000000000000044,-0.32499999999999996,rock,4,0.6438962275052347,1465,Jack and the Pulpits,Pirates
0.2749999999999999,-0.125,folk/country,4,0.4873014093327078,1466,The Wyld Olde Souls,Give It To You
-0.25,-0.19999999999999996,folk/country,3,0.4342091861208459,1467,Bakers At Dawn,Love
-0.32499999999999996,-0.75,rock,1,0.9676028059422773,1468,Learning Music,Hands
-0.475,-0.44999999999999996,rock,1,0.9140863268221106,1469,The Family Simpson,Siren
0.02499999999999991,-0.44999999999999996,rock,4,0.485096401553518,1470,The Family Simpson,Soup
0.575,0.44999999999999996,rock,0,0.99494942985165,1471,Andrew Vincent And The Pirates,Martha
0.0,0.050000000000000044,folk/country,2,0.681211554887918,1472,Jonathan Coulton,Re: Your Brains
0.2749999999999999,0.25,folk/country,2,0.499023624433736,1473,Jonathan Coulton,I Feel Fantastic
0.3999999999999999,0.3500000000000001,folk/country,0,0.9136805588793979,1474,Jonathan Coulton,Code Monkey
-0.17500000000000004,-0.44999999999999996,pop,1,0.7385087341562107,1475,The Subhuman,The shining sun
-0.125,0.02499999999999991,pop,3,0.5923944693217451,1476,The Subhuman,Vietnam
0.02499999999999991,-0.125,rock,4,0.3850027019168971,1477,Kelly Hogan &amp; The Pine Valley Cosmonauts,Gone
0.02499999999999991,-0.375,pop,4,0.5657099176725584,1478,The Snow,All One
0.0,0.02499999999999991,pop,2,0.6401596978871211,1479,The Snow,Fools Gold
-0.050000000000000044,0.07499999999999996,rock,2,0.5852787804552317,1480,The Shivers,Kisses
-0.275,-0.32499999999999996,pop,1,0.6269247708636405,1481,The Snow,Reptile
-0.17500000000000004,-0.4,folk/country,1,0.6615313476535187,1482,Alec K. Redfearn & the Eyesores,Ohio
-0.275,-0.30000000000000004,folk/country,1,0.5713243637754168,1483,The Dutchess And The Duke,The River
-0.1499999999999999,-0.30000000000000004,folk/country,1,0.42578583151777377,1484,The Dutchess And The Duke,Hands
-0.07499999999999996,-0.30000000000000004,folk/country,4,0.4382085547511314,1485,Uke of Spaces Corners,Highway
-0.32499999999999996,-0.525,folk/country,1,0.9056921407561249,1486,The Bowmans,Forever
-0.17500000000000004,-0.65,electronic,1,0.9022921896207733,1487,Welcome Wizard,Home
-0.02499999999999991,-0.275,folk/country,4,0.526277624862677,1488,The Dutchess And The Duke,Out of Time
-0.02499999999999991,-0.10000000000000009,rock,3,0.35292734560662636,1489,John Wicks and Paul Collins,Rock and Roll Girl
-0.30000000000000004,-0.475,folk/country,1,0.8606284912340961,1490,Twi the Humble Feather,Seasons
-0.050000000000000044,0.050000000000000044,folk/country,2,0.5471600561919774,1491,Alec K Redfearn & the Seizures,Rise
-0.42500000000000004,-0.55,pop,1,0.9444493858708384,1492,Father Sleep,Couldn't
-0.25,0.2749999999999999,folk/country,3,0.8680893564383252,1493,Not From This World,Apart
-0.02499999999999991,-0.30000000000000004,folk/country,4,0.5211417332976934,1494,Cath and Phil Tyler,Sunshine
-0.1499999999999999,-0.275,folk/country,1,0.36949165345894036,1495,The Wyld Olde Souls,Maybe
0.2749999999999999,0.19999999999999996,pop,2,0.5887700396807769,1496,The Nighttime Adventure Society,Washington
-0.1499999999999999,-0.35,rock,1,0.5346289403613426,1497,Silver Jews,Random Rules
-0.050000000000000044,-0.30000000000000004,rock,4,0.4789789506411955,1498,Silver Jews,Pony
-0.050000000000000044,-0.125,folk/country,3,0.3931144523533717,1499,Falcao and Monashee,California
-0.30000000000000004,-0.44999999999999996,rock,1,0.8380632397298203,1500,Art of Flying,lies
0.0,-0.02499999999999991,hip-hop,2,0.5374242402307906,1501,Shadow Priest,Love
0.55,0.5,hip-hop,0,0.9953876475604831,1502,Ain't No Love,Shine
0.2250000000000001,-0.2250000000000001,hip-hop,4,0.7490858507630961,1503,Tab & Anitek,Placebo
0.25,0.2250000000000001,hip-hop,2,0.6219120064390931,1504,The Impossebulls,Enemy
-0.19999999999999996,-0.02499999999999991,hip-hop,3,0.7256824822997748,1505,Black Dice,Pigs
0.0,-0.050000000000000044,hip-hop,2,0.47697100482556093,1506,niwa,When She Looked At Me (I Saw Her Wondering)
0.125,0.17500000000000004,hip-hop,2,0.8774731618830967,1507,Broke n phono,in
0.2250000000000001,0.07499999999999996,hip-hop,2,0.820308049414557,1508,Apes on Tapes,Les
0.2250000000000001,0.10000000000000009,hip-hop,2,0.8142473038465567,1509,epsilon not,that way
-0.2250000000000001,0.1499999999999999,hip-hop,3,0.8222796427601733,1510,The Honorable Sleaze,Higher
0.125,0.1499999999999999,hip-hop,2,0.8801129041952471,1511,The NSJ Crew,Good Time
-0.30000000000000004,0.050000000000000044,hip-hop,3,0.8732323521339844,1512,The NSJ Crew,Haunted
0.2749999999999999,0.32499999999999996,hip-hop,0,0.6331754783280495,1513,The NSJ Crew,The Nellie
-0.10000000000000009,0.10000000000000009,hip-hop,3,0.48155983601509506,1514,The Hate Noise,Herb
-0.1499999999999999,-0.050000000000000044,hip-hop,3,0.6301495112407389,1515,Dälek,Culture for Dollars
0.1499999999999999,-0.02499999999999991,hip-hop,2,0.7537439297066425,1516,Blank & Kytt,Crazy
0.25,0.0,hip-hop,2,0.7648874215518351,1517,Broke For Free,A Year
0.2749999999999999,0.32499999999999996,hip-hop,0,0.6331754783280495,1518,The House Arts,Strip
0.0,0.1499999999999999,hip-hop,2,0.7844908200831441,1519,The Hate Noise,Stereo
0.07499999999999996,0.07499999999999996,hip-hop,2,0.8310949298924897,1520,The Honorable Sleaze,The Last One
-0.050000000000000044,-0.02499999999999991,hip-hop,2,0.404096700628329,1521,The Honorable Sleaze,Too Much
0.050000000000000044,0.17500000000000004,hip-hop,2,0.8606234086215541,1522,The Honorable Sleaze,Intro
0.4750000000000001,-0.050000000000000044,hip-hop,4,0.4145674096318968,1523,The Honorable Sleaze,Lovin'
0.1499999999999999,-0.1499999999999999,hip-hop,4,0.4891234439522224,1524,The Insider,One Fine Day
-0.125,-0.125,hip-hop,3,0.5143264354437133,1525,The Insider,Right
0.2250000000000001,0.2250000000000001,hip-hop,2,0.6920958225153659,1526,Broke For Free,The Great
-0.125,-0.07499999999999996,hip-hop,3,0.5670759108805595,1527,Black Ant,B.
0.125,-0.10000000000000009,hip-hop,2,0.5443755807692604,1528,Deal The Villain,Who Knows
0.10000000000000009,0.17500000000000004,hip-hop,2,0.8814476520595428,1529,Height With Friends,The World
0.30000000000000004,-0.19999999999999996,hip-hop,4,0.7540131495130186,1530,Deal The Villain,Want You
0.02499999999999991,-0.050000000000000044,hip-hop,2,0.5341872557820821,1531,Deal The Villain,Sweet
0.19999999999999996,0.1499999999999999,hip-hop,2,0.8223990774382324,1532,Deal The Villain,Judas
0.050000000000000044,0.07499999999999996,hip-hop,2,0.8028433970749144,1533,The Custodian of Records,Hey
0.17500000000000004,0.17500000000000004,hip-hop,2,0.8393689329253411,1534,The Good People,Love Lost
0.10000000000000009,0.07499999999999996,hip-hop,2,0.8502113889042803,1535,Jay Slim,Star
-0.050000000000000044,-0.4,hip-hop,1,0.48531770436805843,1536,The Years,much much love
0.2250000000000001,-0.4,hip-hop,4,0.882947719280875,1537,The Years,Lover's Rock
0.32499999999999996,-0.07499999999999996,hip-hop,2,0.5383989495501775,1538,Bilal Bashir &amp; Divine Styler,Rain
-0.1499999999999999,-0.07499999999999996,hip-hop,3,0.6081153289916047,1539,Black Ant,Sleep.
0.17500000000000004,0.02499999999999991,hip-hop,2,0.8281311154734451,1540,The Insider,Vibration
0.050000000000000044,-0.10000000000000009,hip-hop,2,0.44416659545826676,1541,Broke For Free,If
0.125,0.125,hip-hop,2,0.878598081778763,1542,Broke For Free,Nola
0.2749999999999999,0.10000000000000009,hip-hop,2,0.7249870143870579,1543,Comfort Fit,The Hunt
0.3500000000000001,0.10000000000000009,hip-hop,2,0.5213878136017244,1544,Luck & Ripps,Rock On
-0.050000000000000044,-0.050000000000000044,hip-hop,3,0.40853543290046596,1545,It's Notherground Music!!,Future Music
0.07499999999999996,-0.1499999999999999,hip-hop,4,0.46181441781151433,1546,Comfort Fit,Planetary Picknick
-0.25,0.19999999999999996,hip-hop,3,0.8669415772070321,1547,Ache de noche,Todo
-0.10000000000000009,-0.32499999999999996,hip-hop,1,0.41398158425693254,1548,Comfort Fit,Emotional Draft
-0.02499999999999991,0.050000000000000044,hip-hop,2,0.6187280734135097,1549,James Pants,Bird
-0.050000000000000044,-0.32499999999999996,hip-hop,4,0.46445890392693734,1550,Shlohmo,Ghosts pt. 2
0.1499999999999999,0.10000000000000009,hip-hop,2,0.8713271583066085,1551,Comfort Fit,Hairy Crushed Nuts
0.1499999999999999,0.1499999999999999,hip-hop,2,0.8708675486969947,1552,The Hate Noise,Easy Ride
0.1499999999999999,0.2250000000000001,hip-hop,2,0.8367007064447662,1553,Os Trasnos De Moscoso,Primavera
0.19999999999999996,-0.125,hip-hop,2,0.4936225022345011,1554,Dan the Automator,Relaxation Spa Treatment
-0.1499999999999999,-0.525,hip-hop,1,0.8013794502515803,1555,Adam & Alma,Back To The Sea
-0.07499999999999996,0.2749999999999999,hip-hop,2,0.6588273778145048,1556,Mr Ascofi,Sam
0.125,0.32499999999999996,hip-hop,2,0.7833697736231228,1557,El Klan de los DeDeTe,Loco
-0.4,0.2250000000000001,hip-hop,3,0.9731123429940826,1558,Dälek,Ever Somber
0.19999999999999996,0.050000000000000044,hip-hop,2,0.8370114564215527,1559,Comfort Fit,Miles of Smiles
0.050000000000000044,0.050000000000000044,hip-hop,2,0.7749235656964568,1560,jonas the plugexpert,Interlude
0.0,0.25,hip-hop,2,0.8193958615185276,1561,It's Notherground Music!!,Let's Do It
-0.050000000000000044,0.32499999999999996,hip-hop,2,0.7275646096948295,1562,The Hate Noise,Bow Down
0.02499999999999991,0.17500000000000004,hip-hop,2,0.8350682631494499,1563,Om Unit,Neptune
0.2749999999999999,0.3500000000000001,hip-hop,0,0.6766127507220533,1564,Tracky Birthday,Websiiite (with Dragan Espenschied)
-0.10000000000000009,-0.02499999999999991,hip-hop,3,0.5321623920933605,1565,The Professional Savage,Life's A Beach
0.30000000000000004,0.07499999999999996,hip-hop,2,0.6889199377093759,1566,T Bird,Nickles And Dimes
-0.25,0.0,hip-hop,3,0.7997999728276535,1567,K. Sparks,Over
0.10000000000000009,0.25,hip-hop,2,0.864722935107313,1568,The Hate Noise,Bicycle
0.1499999999999999,0.19999999999999996,hip-hop,2,0.8522225989241233,1569,Moa Pillar,Water Lily
0.050000000000000044,-0.10000000000000009,hip-hop,2,0.44416659545826676,1570,Tab & Anitek,Disclosure
-0.1499999999999999,0.4750000000000001,hip-hop,3,0.6460872590606127,1571,Double Helix (Morphamish & Texture),Science Fiction
0.125,0.0,hip-hop,2,0.783387692999488,1572,Kris Anderson - Studio 11,Top Of The World
-0.02499999999999991,-0.35,hip-hop,4,0.4902501152082186,1573,Bram Nelson,Le Mort Du Petit Prince
0.2250000000000001,0.10000000000000009,hip-hop,2,0.8142473038465567,1574,Bram Nelson,City Harmony
0.050000000000000044,0.02499999999999991,hip-hop,2,0.7397701161950552,1575,Tab & Anitek,Mirage
0.10000000000000009,-0.275,hip-hop,4,0.7089168564156364,1576,C. Scott,Humphrey
0.050000000000000044,-0.07499999999999996,hip-hop,2,0.5166906318422406,1577,Tab & Anitek,Drifter
0.2250000000000001,-0.050000000000000044,hip-hop,2,0.7027244201158686,1578,Blank & Kytt,Crazy
0.19999999999999996,-0.02499999999999991,hip-hop,2,0.7593145015898064,1579,Alaclair Ensemble,Qui
0.2749999999999999,0.050000000000000044,hip-hop,2,0.7521431640446329,1580,John Ming,Floating
0.375,0.2749999999999999,hip-hop,0,0.8116295062615835,1581,Beastie Boys,Now Get Busy
0.2250000000000001,0.10000000000000009,hip-hop,2,0.8142473038465567,1582,Syndrôm & Kendall WA,I Rise
0.1499999999999999,0.050000000000000044,hip-hop,2,0.848968207662391,1583,Broke For Free,Something Old
-0.02499999999999991,-0.10000000000000009,hip-hop,3,0.35292734560662636,1584,Questionmark Embargo,Intro
0.0,-0.275,hip-hop,4,0.5657784016479024,1585,Steve Anderson,You to Me
-0.17500000000000004,0.0,hip-hop,3,0.7042132486964767,1586,Food For Animals,Elephants
0.0,0.125,hip-hop,2,0.7665234577802158,1587,Save Slaves,Vote
-0.02499999999999991,0.19999999999999996,hip-hop,2,0.7620209382108437,1588,Slugabed,Power Of The Mind
0.19999999999999996,0.2749999999999999,hip-hop,2,0.6832009127233446,1589,Volfoniq,My dub is taiwan (remix KouChouChing)
-0.19999999999999996,0.30000000000000004,hip-hop,3,0.7521814505181936,1590,EPMD,You're a Customer
0.2250000000000001,-0.07499999999999996,hip-hop,2,0.6418039056000162,1591,She Has A Cold,NEW 9.0
0.2749999999999999,0.3500000000000001,hip-hop,0,0.6766127507220533,1592,ILLUS and DJ Johnny Juice,Ready Remix
-0.07499999999999996,-0.375,hip-hop,1,0.4780419173153766,1593,No Color,Los Angeles
0.1499999999999999,0.10000000000000009,hip-hop,2,0.8713271583066085,1594,Tha Silent Partner,Cinema
0.1499999999999999,0.2250000000000001,hip-hop,2,0.8367007064447662,1595,The Years,I Are
0.125,0.02499999999999991,hip-hop,2,0.8175864233345844,1596,Invisible Inc,Paradise
0.125,0.0,hip-hop,2,0.783387692999488,1597,Fanatic,Dream
-0.17500000000000004,0.125,hip-hop,3,0.7071430232515357,1598,Dälek,Asylum (Permanent Underclass)
-0.35,-0.2250000000000001,hip-hop,1,0.4595673500179317,1599,Dälek,Tarnished
0.1499999999999999,0.1499999999999999,hip-hop,2,0.8708675486969947,1600,Blank & Kytt,Crazy
0.0,0.07499999999999996,electronic,2,0.7155642670273923,1601,Audiotoolz,Eastern View
0.0,-0.32499999999999996,folk/country,4,0.5539672721787217,1602,Axial,Peregum
0.10000000000000009,-0.275,folk/country,4,0.7089168564156364,1603,Axial,Filha da Palavra
-0.125,-0.35,folk/country,1,0.5009895988500376,1604,Axial,Tamanquero
0.1499999999999999,-0.25,folk/country,4,0.7338017030666298,1605,Axial,Papaloko
0.1499999999999999,-0.02499999999999991,other,2,0.7537439297066425,1606,Salam,Allhou
-0.125,-0.5,folk/country,1,0.7491928829670774,1607,Zee Avi,Bitter Heart
-0.125,0.5,rock,3,0.5751060791187644,1608,Diablo Swing Orchestra,Poetic Pitbull Revolutions
0.3500000000000001,0.375,rock,0,0.8712850264971673,1609,Diablo Swing Orchestra,Balrog Boogie
0.3500000000000001,-0.2250000000000001,folk/country,4,0.8534156797045317,1610,Axial,Iemanja
0.17500000000000004,0.30000000000000004,rock,2,0.7104054531900351,1611,Diablo Swing Orchestra,Gunpowder Chant
-0.30000000000000004,-0.475,rock,1,0.8606284912340961,1612,Diablo Swing Orchestra,D'angelo
0.30000000000000004,0.3999999999999999,rock,0,0.8104627665879828,1613,Diablo Swing Orchestra,Rag Doll Physics
0.3999999999999999,-0.10000000000000009,folk/country,4,0.5401090410654364,1614,Gilberto Gil,Oslodum
0.17500000000000004,-0.10000000000000009,pop,2,0.5725134154027287,1615,Mombojo,Adelaide
-0.050000000000000044,0.125,pop,2,0.6459898626191827,1616,Mombojo,Faaca
0.2749999999999999,0.2250000000000001,electronic,2,0.5447635363837547,1617,Audiotoolz,Advanced Japanese Folk
0.2749999999999999,-0.275,pop,4,0.8718815638919079,1618,Mombojo,Nem Parece
0.050000000000000044,0.07499999999999996,pop,2,0.8028433970749144,1619,Mombojo,O Ceu
0.32499999999999996,0.17500000000000004,rock,0,0.5088336682103195,1620,Hayvanlar Alemi,Bahar Patlatan
0.2749999999999999,0.25,rock,2,0.499023624433736,1621,The Freak Fandango Orchestra,death and a drunken monkey
0.25,0.2250000000000001,rock,2,0.6219120064390931,1622,The Freak Fandango Orchestra,death and a drunken monkey
0.1499999999999999,0.07499999999999996,electronic,2,0.8634360995083203,1623,Beatstar,My Way
0.17500000000000004,0.3500000000000001,electronic,2,0.6315764229062123,1624,Wrekkerz vs Audiotoolz,Hungarian Fightclub
-0.02499999999999991,-0.1499999999999999,other,4,0.41500533697737363,1625,Ceu,Bubuia
0.2749999999999999,0.25,electronic,2,0.499023624433736,1626,Freestep,Aboriginal Soundsystem (Triad remix)
-0.1499999999999999,-0.275,rock,1,0.36949165345894036,1627,Oso El Roto,Demonio
-0.07499999999999996,-0.050000000000000044,rock,3,0.47004414646945014,1628,Yva Las Vegass,Mariposas
0.3500000000000001,0.32499999999999996,rock,0,0.8215526681029175,1629,The Freak Fandango Orchestra,death and a drunken monkey
0.25,0.10000000000000009,rock,2,0.7750292748967927,1630,Hayvanlar Alemi,Guarana Superpower
0.17500000000000004,-0.050000000000000044,other,2,0.7092656480550166,1631,Bo Marley + Disrupt + Volfoniq,L'Anchoïade
0.050000000000000044,-0.4,folk/country,4,0.5935436027763517,1632,Au fond du car,Soleil nocturne
0.375,0.32499999999999996,rock,0,0.8638891822065548,1633,Vialka,Bamako
0.125,0.2749999999999999,electronic,2,0.8295616938229521,1634,Pattern Industries,Felix Is My Friend
0.44999999999999996,0.2749999999999999,rock,0,0.9169379363753023,1635,Teleradio Donoso,Amar en el campo
-0.10000000000000009,0.050000000000000044,folk/country,3,0.509918240965256,1636,Arjopa,A little khoomei Song
0.125,-0.35,pop,4,0.7623190875529643,1637,Inlets,Pictures of Trees
0.2250000000000001,-0.275,other,4,0.8341651050066788,1638,Bo Marley + Disrupt + Volfoniq,La Tapenade
0.07499999999999996,0.07499999999999996,other,2,0.8310949298924897,1639,Bo Marley + Disrupt + Volfoniq,La Brandade
0.3999999999999999,0.2749999999999999,folk/country,0,0.8554210266355697,1640,Paniks,Jelena
-0.10000000000000009,0.07499999999999996,electronic,3,0.4962718306724201,1641,Trabajo,Mortal
0.02499999999999991,-0.02499999999999991,electronic,2,0.595213932281856,1642,Trabajo,Udan Mas
-0.1499999999999999,-0.17500000000000004,rock,3,0.45986998061897877,1643,El bien,El norte
0.0,0.2250000000000001,rock,2,0.8153871073483633,1644,The Prefab Messiahs,Prefab City Dub (Edit)
0.19999999999999996,0.17500000000000004,electronic,2,0.8038844959991296,1645,Mikey Murka,Sensi Addict
-0.125,-0.32499999999999996,folk/country,1,0.4482116568287333,1646,Azevedo Silva,Dó
0.5249999999999999,0.19999999999999996,rock,0,0.9351068227103866,1647,The Freak Fandango Orchestra,Hitmans Lovesong feat. Paola Graziano
-0.275,-0.625,other,1,0.9312789836256079,1648,Selva de Mar,LLAVES
0.2749999999999999,0.25,rock,2,0.499023624433736,1649,Hayvanlar Alemi,MEGA Lambada
0.2250000000000001,-0.07499999999999996,rock,2,0.6418039056000162,1650,Lucas Perný a Miloslav Kollár,Swinging London 1966
-0.050000000000000044,0.25,rock,2,0.7217691455579557,1651,Vialka,Village Mentality
0.55,0.32499999999999996,rock,0,0.9820015547093568,1652,The Freak Fandango Orchestra,Late as Usual
-0.17500000000000004,-0.475,electronic,1,0.7703913540779523,1653,Superbus,No Porno Please
-0.050000000000000044,-0.475,electronic,1,0.613027781565382,1654,Audiotoolz,Advanced Japanese folk (Djet remix)
0.2749999999999999,0.2749999999999999,pop,0,0.5400110109590949,1655,Midival Punditz,Drifting
-0.07499999999999996,-0.25,other,4,0.45102667332760715,1656,Salam,Tara
0.1499999999999999,0.17500000000000004,rock,2,0.8636579684762825,1657,Hayvanlar Alemi,Güve Diskosu
0.30000000000000004,0.2250000000000001,other,0,0.5255759470027672,1658,Sound: The Encounter,Mina
-0.10000000000000009,-0.10000000000000009,electronic,3,0.5023668248504066,1659,Trabajo,The Myth
0.050000000000000044,0.125,electronic,2,0.8408516810472366,1660,Caballo & the Mothafu Kings,Persistance
0.17500000000000004,0.32499999999999996,rock,2,0.6726109119712056,1661,Ben Et Béné,Boubek
0.2749999999999999,0.25,rock,2,0.499023624433736,1662,Lucas Perný a Miloslav Kollár,Husľový kľúč
-0.10000000000000009,-0.02499999999999991,pop,3,0.5321623920933605,1663,Inlets,Sunfed Shapes
-0.19999999999999996,-0.25,other,1,0.36756630331486034,1664,Salam,Drogue
0.1499999999999999,0.17500000000000004,rock,2,0.8636579684762825,1665,Lucas Perný a Miloslav Kollár,Astral Gate
-0.30000000000000004,-0.42500000000000004,folk/country,1,0.8113808214644216,1666,Alexandre Bateiras,Porto Largo
0.25,0.625,folk/country,0,0.9248471562768668,1667,Paniks,Devojka
0.125,0.125,rock,2,0.878598081778763,1668,Sida,Sida
0.125,-0.02499999999999991,other,2,0.7391983172999472,1669,The Anchoras,Jah Love
0.2250000000000001,0.10000000000000009,other,2,0.8142473038465567,1670,Mastermind XS,Stop That Mission
-0.19999999999999996,-0.42500000000000004,pop,1,0.7284263655224723,1671,Inlets,You Are an Effigy
-0.1499999999999999,-0.6,pop,1,0.8613111169471085,1672,Inlets,Roots on Sidewalks
0.2749999999999999,0.2250000000000001,folk/country,2,0.5447635363837547,1673,A Hawk and a Hacksaw,The Man Who Sold His Beard
0.0,0.07499999999999996,rock,2,0.7155642670273923,1674,Chico Correa and Electronic Band,Lelê
0.125,0.17500000000000004,rock,2,0.8774731618830967,1675,Vialka,Thessaloniki
0.1499999999999999,-0.02499999999999991,other,2,0.7537439297066425,1676,Mastermind XS,Memories Of A Machine
0.44999999999999996,0.3500000000000001,other,0,0.9519916696353914,1677,Mastermind XS,Sunny Day
0.02499999999999991,-0.19999999999999996,other,4,0.5374014876337067,1678,Dengue Fever,Tiger Phone Card
0.10000000000000009,0.1499999999999999,folk/country,2,0.8801452632703964,1679,Alec K Redfearn & the Seizures,The Hole
0.44999999999999996,0.2749999999999999,pop,0,0.9169379363753023,1680,Los Amparito,Las Miradas de Magaly
0.0,-0.375,electronic,4,0.5158758410803198,1681,Damscray,Sarira Bride
0.2749999999999999,0.19999999999999996,rock,2,0.5887700396807769,1682,Hayvanlar Alemi,Mavi Sepet
0.25,-0.050000000000000044,folk/country,2,0.6875324202699368,1683,Alexandre Bateiras,Canção da Ribeira
0.02499999999999991,0.0,folk/country,2,0.6490105109873456,1684,Alexandre Bateiras,Canção de Alvito
0.10000000000000009,-0.125,other,2,0.43937923553121316,1685,Mastermind XS,Not Free But Not Afraid
-0.32499999999999996,-0.42500000000000004,rock,1,0.8276710334839388,1686,Oso El Roto,Los papeles
0.02499999999999991,-0.07499999999999996,electronic,2,0.4674731563664287,1687,Normaa,International Calling
0.050000000000000044,-0.07499999999999996,electronic,2,0.5166906318422406,1688,Damscray,Dancing Tiger
0.5249999999999999,0.3500000000000001,rock,0,0.9802190320218829,1689,Xerak,Pxlcoucou
0.10000000000000009,-0.10000000000000009,rock,2,0.5184297831207261,1690,Hayvanlar Alemi,Crossroad Metamorphosis
-0.32499999999999996,-0.35,folk/country,1,0.7229839933428115,1691,Azevedo Silva,Rugas
-0.30000000000000004,-0.42500000000000004,folk/country,1,0.8113808214644216,1692,Azevedo Silva,Abutres
-0.1499999999999999,-0.30000000000000004,folk/country,1,0.42578583151777377,1693,Azevedo Silva,Era Uma Vez
-0.125,0.2749999999999999,rock,3,0.49717256910143137,1694,Vialka,Only The Wrong Survive
0.17500000000000004,0.1499999999999999,rock,2,0.851878704043246,1695,Vialka,Village Mentality Part Two
-0.30000000000000004,-0.42500000000000004,other,1,0.8113808214644216,1696,Prin' La Lá,Naves que dan vueltas a un balon
-0.42500000000000004,-0.55,pop,1,0.9444493858708384,1697,Inlets,See Her
-0.125,-0.125,rock,3,0.5143264354437133,1698,Ofir Klemperer,come here
0.02499999999999991,0.0,electronic,2,0.6490105109873456,1699,Damscray,Rural Metric Seven
0.1499999999999999,0.0,electronic,2,0.7954368849971576,1700,Damscray,Your Rainbow Colour Changer
-0.25,-0.475,jazz,1,0.8304311921000118,1701,Assif Tsahar,JAM
-0.2250000000000001,-0.275,jazz,1,0.4558427861145342,1702,Assif Tsahar,JAM
0.07499999999999996,0.42500000000000004,jazz,2,0.7501346534194937,1703,The Chris Kelsey 4,“The Oppo­site of Paul Desmond”)
0.07499999999999996,0.3500000000000001,rock,2,0.8217453120068973,1704,Jason Ajemian & The Highlife,Soak up the Sun
-0.25,-0.1499999999999999,rock,3,0.550769960812342,1705,Jason Ajemian & The Highlife,Monsters
-0.02499999999999991,-0.25,jazz,4,0.5228526352720627,1706,Voodoo Suite,Voodoo
-0.375,-0.25,jazz,1,0.5527053163340473,1707,Sandro Marinoni & Stefano Roncarolo,The Crow
-0.19999999999999996,-0.35,rock,1,0.5966575468275123,1708,The Watery Graves of Portland,The News
-0.25,-0.30000000000000004,electronic,1,0.5440184552722577,1709,Seth Paynter and Kevin Patton,_F
-0.35,-0.525,jazz,1,0.914575844775933,1710,Bob James Trio,And On
0.0,-0.44999999999999996,electronic,1,0.48504344329727583,1711,Somewhere Off Jazz Street,Echo
-0.1499999999999999,-0.525,jazz,1,0.8013794502515803,1712,Sandro Marinoni & Stefano Roncarolo,Air
0.30000000000000004,0.17500000000000004,jazz,2,0.5544129462620296,1713,Glows in the Dark,The Silence
0.2749999999999999,-0.25,pop,4,0.8371971274957941,1714,Adam & Alma,Smile For Me
0.2250000000000001,0.1499999999999999,electronic,2,0.7817577266300856,1715,krackatoa,We think we know it all
0.19999999999999996,0.10000000000000009,electronic,2,0.8428991429621122,1716,krackatoa,Shark on the Lot
0.25,-0.050000000000000044,jazz,2,0.6875324202699368,1717,Terrero De Jesus,Xangô
-0.07499999999999996,-0.375,rock,1,0.4780419173153766,1718,Nheap,The Snow That Never Falls Down
0.0,-0.42500000000000004,rock,4,0.46243902603649967,1719,Nheap,Crossings
0.625,0.25,jazz,0,0.9840957218629726,1720,Har-You Percussion Group,Welcome To The Party
-0.19999999999999996,-0.525,rock,1,0.8410289855739642,1721,Nheap,Sands
0.0,-0.475,jazz,1,0.5258583070633692,1722,Martin Lowack,Evening
-0.17500000000000004,-0.4,rock,1,0.6615313476535187,1723,Nheap,Daily Improvisation
-0.32499999999999996,-0.42500000000000004,rock,1,0.8276710334839388,1724,Learning Music,#3
0.050000000000000044,-0.1499999999999999,jazz,4,0.4526722717949591,1725,Jazz at Mladost Club,Caravan
-0.10000000000000009,-0.44999999999999996,electronic,1,0.6487703827832616,1726,Somewhere Off Jazz Street,Dawn
-0.02499999999999991,-0.07499999999999996,jazz,2,0.35434322077209196,1727,Assif Tsahar,deals
-0.475,-0.07499999999999996,jazz,3,0.6500603763364897,1728,Zloty Dawai,Teleopsis belzebuth
0.02499999999999991,0.10000000000000009,rock,2,0.7895982102125473,1729,Nheap,Rides
0.07499999999999996,-0.275,hip-hop,4,0.6765330323656377,1730,Revolution Void,Nebulous Notions
-0.19999999999999996,-0.35,electronic,1,0.5966575468275123,1731,Stefano Roncarolo & Sandro Marinoni,Mirage
-0.19999999999999996,-0.5,jazz,1,0.8186500765283373,1732,Bliss Blood & Al Street,Paradise
-0.30000000000000004,-0.42500000000000004,jazz,1,0.8113808214644216,1733,Trio Metrik,Vogelperspektive
0.02499999999999991,0.050000000000000044,hip-hop,2,0.7333233805187364,1734,Revolution Void,Factum par Fictio
-0.07499999999999996,-0.5,electronic,1,0.6868774069216202,1735,Mentz,Sleepy
-0.07499999999999996,-0.475,electronic,1,0.6513875908774304,1736,Mentz,Tumble
-0.35,-0.35,jazz,1,0.743829915512983,1737,Zloty Dawai,Hydrofugarious spasm
-0.55,-0.050000000000000044,jazz,3,0.65054346454167,1738,Zloty Dawai,Adsurb Peotry
-0.32499999999999996,-0.55,jazz,1,0.9180479840278025,1739,Zloty Dawai,Squid in the mouth
0.07499999999999996,-0.17500000000000004,electronic,4,0.5246450693705359,1740,Neuroleptic Trio,I
-0.42500000000000004,-0.375,electronic,1,0.8304806443255938,1741,Stefano Roncarolo & Sandro Marinoni,Point of no return
0.44999999999999996,0.02499999999999991,jazz,0,0.5357352598012379,1742,Quantum Jazz,Intro
0.44999999999999996,0.375,jazz,0,0.9601136779694854,1743,The Swing Ninjas,Blue Drag
-0.02499999999999991,-0.17500000000000004,jazz,4,0.45521437632291406,1744,The New Mellow Edwards,First Loser
0.5249999999999999,0.2250000000000001,hip-hop,0,0.9471300350266476,1745,ProleteR,The Misfit Song
0.17500000000000004,-0.050000000000000044,jazz,2,0.7092656480550166,1746,Terrero De Jesus,Ogum
-0.17500000000000004,-0.525,electronic,1,0.822485186996711,1747,Stefano Roncarolo & Sandro Marinoni,Lhasa
0.10000000000000009,-0.2250000000000001,pop,4,0.6470067000586834,1748,Bacco Baccanels,Fearless little John
0.42500000000000004,-0.10000000000000009,jazz,4,0.5723158711645014,1749,Gepel,Empingue
-0.07499999999999996,0.07499999999999996,hip-hop,2,0.5070992753533559,1750,Revolution Void,Accelerated Lifestyle
-0.2250000000000001,-0.17500000000000004,jazz,3,0.491306624816266,1751,Steve MacKay and the Blue Prostitutes,Improv
0.125,0.2749999999999999,electronic,2,0.8295616938229521,1752,Revolution Void,City Lights at Night
-0.44999999999999996,-0.4,jazz,1,0.8688805527145989,1753,Miro,I
-0.19999999999999996,-0.65,electronic,1,0.9135510780170629,1754,Somewhere Off Jazz Street,Fly
0.3500000000000001,0.17500000000000004,hip-hop,0,0.5881457655543121,1755,Revolution Void,Weekend Amnesia
-0.1499999999999999,-0.275,jazz,1,0.36949165345894036,1756,Sandro Marinoni & Stefano Roncarolo with Roberto Padovan,Sad Song
0.0,-0.475,jazz,1,0.5258583070633692,1757,Trio Metrik,Bäume in freier Wildbahn
0.10000000000000009,-0.5,jazz,4,0.592945215790267,1758,Calypso,Copacabana Palace Hotel
0.10000000000000009,-0.07499999999999996,jazz,2,0.5929009306952309,1759,Terrero De Jesus,Oxum
-0.17500000000000004,-0.2250000000000001,electronic,3,0.37509227073776624,1760,Mentz,Shackles
0.7250000000000001,0.5249999999999999,jazz,0,0.9994767441715035,1761,Scott Kettner's Brazilian Brass Band,Big Leg Woman
0.2749999999999999,0.10000000000000009,hip-hop,2,0.7249870143870579,1762,Pablie,Trying Jazz
-0.1499999999999999,-0.375,electronic,1,0.5848681365476268,1763,Mike Link &amp; Harvey Taylor,Night Song
-0.02499999999999991,-0.25,jazz,4,0.5228526352720627,1764,Jaap Blonk & Splinks,Duende
0.19999999999999996,-0.10000000000000009,jazz,2,0.5747412522656408,1765,Taiga Blues,Karussell
-0.32499999999999996,-0.5,electronic,1,0.8909732621543488,1766,Stefano Roncarolo & Sandro Marinoni,Meditation
-0.30000000000000004,-0.65,electronic,1,0.9452434049383847,1767,Kreng,Merope
-0.2250000000000001,-0.475,electronic,1,0.8126300142662634,1768,Somewhere Off Jazz Street,Ghost
0.2250000000000001,0.07499999999999996,jazz,2,0.820308049414557,1769,M.A.G. Trio,All the things
-0.125,-0.525,jazz,1,0.7773476799334662,1770,Assif Tsahar & Tatsuya Nakatani,Come Sunday
-0.02499999999999991,0.07499999999999996,rock,2,0.6555268164246926,1771,Plaistow,Steve Reich
0.1499999999999999,-0.17500000000000004,jazz,4,0.5644653982417682,1772,Oprachina,Attimi
0.10000000000000009,-0.2250000000000001,rock,4,0.6470067000586834,1773,Plaistow,Aki's Apple
-0.02499999999999991,-0.050000000000000044,pop,2,0.41463433980824654,1774,Bacco Baccanels,Mi fa
-0.10000000000000009,-0.5,jazz,1,0.7198465005666816,1775,Jonah Dempcy,Mother Matrix Most Mysterious
-0.050000000000000044,-0.30000000000000004,jazz,4,0.4789789506411955,1776,Jonah Dempcy,Upsurge
0.07499999999999996,-0.1499999999999999,jazz,4,0.46181441781151433,1777,Jonah Dempcy,Myriad Ways
-0.1499999999999999,-0.44999999999999996,jazz,1,0.7115817123922775,1778,Jonah Dempcy,Lumen Arcanum
0.17500000000000004,-0.525,jazz,4,0.7319927673690475,1779,Jonah Dempcy,Azurescent
-0.050000000000000044,-0.375,electronic,1,0.4385799350032017,1780,Stefano Roncarolo & Sandro Marinoni,Song for Lisa
-0.19999999999999996,-0.575,jazz,1,0.8768020818123502,1781,Gitarrenarmee,Composing after playing part 3
-0.07499999999999996,0.050000000000000044,rock,2,0.4692412295583081,1782,Interkosmos,Edentrip
-0.19999999999999996,-0.42500000000000004,electronic,1,0.7284263655224723,1783,Somewhere Off Jazz Street,Dusk
0.125,0.02499999999999991,jazz,2,0.8175864233345844,1784,M.A.G. Trio,Spain
0.1499999999999999,0.050000000000000044,jazz,2,0.848968207662391,1785,Trio Metrik,Reisefenster
-0.19999999999999996,-0.475,jazz,1,0.7927080364672732,1786,Schizoïd Bass,Through Fields
-0.275,-0.4,jazz,1,0.7601088019843135,1787,Gepel,Ta vieja y ya no sale
-0.35,0.25,jazz,3,0.9635003240540057,1788,Jooklo Duo with C. Spencer Yeh,Set the Fire
0.2250000000000001,0.02499999999999991,electronic,2,0.806924999417198,1789,Revolution Void,Ventus Solaris
-0.30000000000000004,-0.42500000000000004,jazz,1,0.8113808214644216,1790,julia a. miller,2
0.07499999999999996,-0.42500000000000004,jazz,4,0.6212149387991042,1791,Oprachina,Porta D'Arce
0.2749999999999999,0.02499999999999991,jazz,2,0.750380911743756,1792,Quantum Jazz,Jingle Jazz
0.02499999999999991,-0.19999999999999996,electronic,4,0.5374014876337067,1793,Antony Raijekov,Drop of whisper (2005)
-0.19999999999999996,-0.32499999999999996,electronic,1,0.5434821300829055,1794,Antony Raijekov,Deep blue (2005)
-0.275,-0.5,jazz,1,0.8669808707153053,1795,Tim Berne,Sequel Ex
0.19999999999999996,0.25,rock,2,0.7197116918481476,1796,Necronomikon Quartett,Sofawende
-0.35,-0.2250000000000001,electronic,1,0.4595673500179317,1797,Goat,The High Priestess
0.17500000000000004,-0.25,jazz,4,0.7561900781026013,1798,Pavel Tukki,The Universe & Everything
0.19999999999999996,-0.125,electronic,2,0.4936225022345011,1799,Antony Raijekov,EXIT 65 (2005)
-0.4,-0.6,jazz,1,0.953481135069486,1800,Jaap Blonk & Splinks,Hymne
-0.4,-0.55,rock,1,0.938978495455395,1801,Fire To The Stars,Sunday
0.17500000000000004,0.3999999999999999,rock,2,0.5422522511264096,1802,The Color and Sound,Graves
-0.2250000000000001,-0.35,rock,1,0.6250829988156,1803,The Spectacular Fantastic,Everything
0.17500000000000004,0.2250000000000001,rock,2,0.8006011779583683,1804,The Spectacular Fantastic,California
0.17500000000000004,-0.02499999999999991,rock,2,0.7604065337600355,1805,The Spectacular Fantastic,In the mood
0.375,0.30000000000000004,rock,0,0.8395073186245918,1806,The Spectacular Fantastic,Out of time
0.17500000000000004,0.07499999999999996,rock,2,0.8578454836147695,1807,The Spectacular Fantastic,This old heart
0.10000000000000009,0.07499999999999996,rock,2,0.8502113889042803,1808,The Attraction,Emma
-0.25,-0.2250000000000001,rock,3,0.37676395451737393,1809,Zola Jesus,Dog
-0.2250000000000001,-0.25,rock,1,0.39430129049128454,1810,The Fresh & Onlys,Don't Give Up
-0.10000000000000009,-0.07499999999999996,rock,3,0.5193130216295425,1811,Silence Is Sexy,Low
0.0,0.0,rock,2,0.5921467168631697,1812,Silence Is Sexy,Talk
0.2749999999999999,0.17500000000000004,pop,2,0.6299330621882362,1813,The Womb,Sex Club
0.25,0.19999999999999996,rock,2,0.6620759066125146,1814,Huge Face,Going to Hell
0.3500000000000001,0.19999999999999996,rock,0,0.6351968644884743,1815,The Womb,Hey Hey Hey Hey Hey
0.0,-0.125,pop,4,0.3779895427436953,1816,Podington Bear,In
0.3999999999999999,0.25,rock,0,0.8295361040574287,1817,No Monster Club,No Life
-0.17500000000000004,-0.44999999999999996,rock,1,0.7385087341562107,1818,The Scallions,Goodbye
-0.2250000000000001,-0.2250000000000001,rock,3,0.3797225375395623,1819,The Scallions,2
-0.125,-0.1499999999999999,rock,3,0.4790915454405885,1820,The Scallions,Gladys
0.30000000000000004,0.3999999999999999,pop,0,0.8104627665879828,1821,I Am Not Lefthanded,Falling
-0.07499999999999996,-0.375,rock,1,0.4780419173153766,1822,Silence Is Sexy,Ennio
-0.575,0.1499999999999999,pop,3,0.940954260577591,1823,The Dick Burrills,Hey Joe
0.30000000000000004,0.17500000000000004,rock,2,0.5544129462620296,1824,The Womb,Torre
-0.050000000000000044,-0.125,rock,3,0.3931144523533717,1825,The Womb,U
0.02499999999999991,-0.32499999999999996,rock,4,0.5993810246312417,1826,The Womb,The Crawl
0.1499999999999999,0.42500000000000004,pop,2,0.5744760752619733,1827,Rackets Vs. VED,Just Friends
0.19999999999999996,0.3999999999999999,pop,0,0.5280132513036997,1828,The Sand Pebbles,Natalie
-0.050000000000000044,-0.35,rock,4,0.44464172628069604,1829,Dave Shuford,NATCH 2
0.17500000000000004,0.07499999999999996,rock,2,0.8578454836147695,1830,Black Math,To You
0.30000000000000004,0.1499999999999999,pop,2,0.5958190588380468,1831,The Kyoto Connection,Fly
0.17500000000000004,0.050000000000000044,pop,2,0.8470579821881863,1832,Mother Of Pearl,Heaven
-0.125,-0.44999999999999996,rock,1,0.6817392693506346,1833,Eros and the Eschaton,Over and Over
0.32499999999999996,0.17500000000000004,pop,0,0.5088336682103195,1834,The Moot,Spaceman
0.07499999999999996,-0.44999999999999996,rock,4,0.5944541166646621,1835,The Keith Walsh Experience,Infinity
0.1499999999999999,-0.10000000000000009,rock,2,0.562412451877919,1836,Greenskeepers,Lotion
-0.19999999999999996,-0.525,pop,1,0.8410289855739642,1837,The Hathaway Family Plot,Sunshine
-0.10000000000000009,0.0,rock,3,0.529170375128421,1838,The Lost Patrol,Homecoming
0.25,0.17500000000000004,rock,2,0.6983019478503313,1839,The Lost Patrol,Play With Fire
-0.050000000000000044,0.10000000000000009,pop,2,0.618160826144786,1840,Adam & Alma,Naked
-0.10000000000000009,-0.475,pop,1,0.6861362470945201,1841,Adam & Alma,Things
0.19999999999999996,0.32499999999999996,pop,2,0.6002144010508085,1842,The New Drum,The frog
-0.02499999999999991,-0.07499999999999996,pop,2,0.35434322077209196,1843,The New Drum,Electricity
0.2749999999999999,0.125,pop,2,0.6992163331414959,1844,The Baskervilles,Apartment
0.2250000000000001,0.2250000000000001,pop,2,0.6920958225153659,1845,The Pop Winds,Feel It
0.19999999999999996,0.19999999999999996,pop,2,0.7803934087864683,1846,Silence is full of birds,Flowers
-0.44999999999999996,-0.6,rock,1,0.9614310425084198,1847,Charles Ray Experience,Drown
0.125,0.0,rock,2,0.783387692999488,1848,The Lost Patrol,Lost At Sea
0.25,0.19999999999999996,pop,2,0.6620759066125146,1849,The Baskervilles,A Little More Time
-0.32499999999999996,-0.575,rock,1,0.9284332219702731,1850,Memoryhouse,Lately (Deuxième)
-0.10000000000000009,-0.42500000000000004,rock,1,0.6077616981408214,1851,The Universal Thump,Cockatoos
-0.2250000000000001,-0.07499999999999996,rock,3,0.6880148533129332,1852,Friends or Whatever,Maybe
0.375,0.17500000000000004,pop,0,0.6622126168481621,1853,The Suzan,Jungle
0.050000000000000044,-0.125,pop,4,0.3903495604392399,1854,The Pop Winds,Fools
0.10000000000000009,0.25,rock,2,0.864722935107313,1855,The Laureates,Hello
0.2749999999999999,0.42500000000000004,pop,0,0.7883063956829977,1856,Dan Deacon,The Crystal Cat
0.07499999999999996,0.0,pop,2,0.7344662862051237,1857,The Pop Winds,Little Sister
0.050000000000000044,0.1499999999999999,pop,2,0.8526746639503028,1858,The Pop Winds,The Sun
0.050000000000000044,0.0,rock,2,0.6965114727270727,1859,Ariel Pink's Haunted Graffiti,Want Me
-0.32499999999999996,-0.375,pop,1,0.7635113105877737,1860,The Gasoline Brothers,Over Me
0.02499999999999991,0.0,rock,2,0.6490105109873456,1861,Ergo Phizmiz and the Midnight Florists,Groove Is In The Heart
0.02499999999999991,-0.02499999999999991,rock,2,0.595213932281856,1862,Fresh Body Shop,All you've never felt
0.3500000000000001,0.17500000000000004,rock,0,0.5881457655543121,1863,The Rabbits,Have It
0.2749999999999999,0.6000000000000001,rock,0,0.9344037751931467,1864,The Rabbits,Live For Today
0.44999999999999996,0.2250000000000001,pop,0,0.8811863384315258,1865,The Suzan,Come
-0.050000000000000044,-0.125,rock,3,0.3931144523533717,1866,The Cannanes,Mirage
-0.19999999999999996,-0.25,rock,1,0.36756630331486034,1867,The Cannanes,Guilty
0.19999999999999996,0.0,pop,2,0.7962181993477642,1868,Monk Turner,With You
-0.2250000000000001,-0.32499999999999996,rock,1,0.5725959408065437,1869,Daniel Johnston,True Love Will Find You In The End
0.10000000000000009,0.1499999999999999,pop,2,0.8801452632703964,1870,The Kyoto Connection,Take on me
0.3500000000000001,0.3999999999999999,pop,0,0.8913790939485099,1871,The Kyoto Connection,Take On Me
-0.125,-0.19999999999999996,pop,3,0.3976755358237729,1872,Jay Tholen,I Know
-0.07499999999999996,-0.4,rock,1,0.5254722689814483,1873,Memoryhouse,To the Lighthouse
0.0,0.32499999999999996,rock,2,0.8155725476228518,1874,The Electric Nature,Dance With Me
0.32499999999999996,0.30000000000000004,rock,0,0.7330186764217917,1875,The Rabbits,Tower
0.32499999999999996,0.0,pop,2,0.6505636707239304,1876,The Suzan,Devils
0.30000000000000004,0.125,pop,2,0.6330943384311947,1877,Talkshow Boy,Black Remix
0.42500000000000004,0.32499999999999996,pop,0,0.9228031872441,1878,The Suzan,Home
0.10000000000000009,0.3500000000000001,pop,2,0.795657467123751,1879,The Kolour Kult,Overload
0.10000000000000009,-0.44999999999999996,rock,4,0.6488737897457337,1880,Plastic Flowers,Silence
0.0,0.050000000000000044,pop,2,0.681211554887918,1881,The Pop Winds,In Harmony
0.125,0.30000000000000004,rock,2,0.808364874955099,1882,The Paparazzi,Hi
0.1499999999999999,-0.125,pop,2,0.48155994379370026,1883,Podington Bear,LA
0.375,0.1499999999999999,pop,0,0.6155048307342987,1884,Neon Indian,Terminally Chill
-0.275,-0.275,rock,1,0.5110737932194968,1885,Fire To The Stars,Stay Down
-0.2250000000000001,-0.5,rock,1,0.8367136277966316,1886,The Scallions,Final Frame
0.25,0.19999999999999996,rock,2,0.6620759066125146,1887,Silence Is Sexy,Us
-0.4,-0.44999999999999996,pop,1,0.8880629507569996,1888,Molloy And His Bike,Flutter
0.1499999999999999,0.125,rock,2,0.8735765562325092,1889,Silence Is Sexy,Sympathy
0.25,0.19999999999999996,rock,2,0.6620759066125146,1890,The Golden Hours,Satellite
0.0,-0.375,pop,4,0.5158758410803198,1891,Podington Bear,Camp
0.02499999999999991,0.2749999999999999,pop,2,0.8473664325615194,1892,Void Vision,One
0.32499999999999996,0.30000000000000004,rock,0,0.7330186764217917,1893,Logan Whitehurst and The Jr. Science Club,I Want to Rock
-0.050000000000000044,-0.050000000000000044,rock,3,0.40853543290046596,1894,Sally Crewe And the Sudden Moves,It's Only Love
0.375,0.2250000000000001,rock,0,0.744620664439643,1895,Wheels on Fire,Ambulance
-0.02499999999999991,-0.725,pop,1,0.8334563097814551,1896,Adam & Alma,Bon
-0.19999999999999996,-0.30000000000000004,rock,1,0.48669020593951656,1897,The Sea Life,Shoot Me Down
0.02499999999999991,-0.19999999999999996,rock,4,0.5374014876337067,1898,The Paparazzi,My O My
0.0,-0.2250000000000001,rock,4,0.5410919986628189,1899,Half-handed Cloud,Bees Are Trying To Build Their Nest In You.
0.375,0.42500000000000004,rock,0,0.9320860039131684,1900,The Toothaches,Don't Be Lonely
0.050000000000000044,0.3500000000000001,rock,2,0.8326935993262397,1901,The Zombiecops,Girl
-0.1499999999999999,0.575,rock,3,0.7276480664671113,1902,Violins is not the answer,dead.
-0.44999999999999996,0.4750000000000001,rock,3,0.9961976762790776,1903,Violins is not the answer,dead.
-0.2250000000000001,-0.4,rock,1,0.714962881798687,1904,Pk jazz Collective & Alex Fry,Way Out
-0.32499999999999996,0.375,rock,3,0.9609104439393321,1905,Violins is not the answer,sick
-0.1499999999999999,0.30000000000000004,rock,3,0.5866491260834623,1906,Violins is not the answer,in the end
-0.02499999999999991,0.375,rock,2,0.7669861657454122,1907,Inside the Mind,Live And Die
0.050000000000000044,0.02499999999999991,rock,2,0.7397701161950552,1908,Fred and Toody,Lost
-0.02499999999999991,0.0,rock,2,0.527015607351234,1909,Inside the Mind,Feelings
-0.30000000000000004,-0.42500000000000004,rock,1,0.8113808214644216,1910,Inside the Mind,To You
-0.17500000000000004,0.10000000000000009,rock,3,0.7125309524234752,1911,Inside the Mind,You/Trip
0.10000000000000009,0.125,rock,2,0.8749115496321883,1912,The Planes,A Life
0.25,0.375,rock,0,0.6450059685014901,1913,The Bomb Busters,Paranoia
0.07499999999999996,0.32499999999999996,rock,2,0.8386950798676073,1914,the silence industry,anthem
0.32499999999999996,0.375,rock,0,0.8303355231866433,1915,The Monitors,Nervous Breakdown
0.10000000000000009,0.32499999999999996,rock,2,0.8181780892486777,1916,The Monitors,The Station
-0.2250000000000001,-0.10000000000000009,rock,3,0.6460340547885988,1917,Fred and Toody,Let It Rain
-0.4,-0.10000000000000009,rock,3,0.6347942293566421,1918,Spirit Duplicator,On
-0.125,0.10000000000000009,rock,3,0.563693738812139,1919,The Dead Mantra,A Bomb
0.17500000000000004,0.3500000000000001,rock,2,0.6315764229062123,1920,Black Bones,Rock N Roll
-0.1499999999999999,0.375,rock,3,0.5972395911130186,1921,No Class,Let Down
0.1499999999999999,0.19999999999999996,rock,2,0.8522225989241233,1922,A Banda de Joseph Tourton,#3
0.3500000000000001,0.30000000000000004,rock,0,0.7914678425882137,1923,Young Love,Love On The Run
0.07499999999999996,0.17500000000000004,rock,2,0.875881768816886,1924,Young Love,Street
-0.02499999999999991,-0.125,rock,4,0.3688009650578435,1925,You Me Tree,Lights
0.050000000000000044,0.2749999999999999,rock,2,0.8613451646931846,1926,Flamin' Groovies,Shake Some Action
0.1499999999999999,-0.10000000000000009,rock,2,0.562412451877919,1927,The Party Faithful,This Is Love
-0.32499999999999996,0.1499999999999999,rock,3,0.933242194800539,1928,The Gotobeds,Affection
0.02499999999999991,0.42500000000000004,rock,2,0.7846672247345532,1929,Room For A Ghost,Burn
-0.10000000000000009,-0.25,rock,4,0.4163701595903931,1930,The Beets,Flower Girl
-0.07499999999999996,0.125,rock,2,0.5695263209927809,1931,The Beets,The Devil
-0.050000000000000044,0.25,rock,2,0.7217691455579557,1932,Six Star General,Cold
0.050000000000000044,0.5,rock,2,0.6896275400651913,1933,The Men,Lazarus
0.19999999999999996,-0.30000000000000004,rock,4,0.8375408575896593,1934,Riding Alone For Thousands Of Miles,satellite
-0.07499999999999996,-0.1499999999999999,rock,3,0.41386331672888954,1935,Riding Alone For Thousands Of Miles,love song
-0.525,-0.5,rock,1,0.9471457209872937,1936,Riding Alone For Thousands Of Miles,lullaby
-0.17500000000000004,-0.275,rock,1,0.3987190160439982,1937,The Valleys,2
0.1499999999999999,0.5,rock,0,0.5450310435553034,1938,The Whines,Vacation
-0.1499999999999999,-0.44999999999999996,rock,1,0.7115817123922775,1939,The Whines,It's Raining
0.02499999999999991,0.1499999999999999,rock,2,0.8241268023640488,1940,The Dalai Lama Rama Fa Fa Fa,Sun
0.050000000000000044,-0.1499999999999999,rock,4,0.4526722717949591,1941,The Koolaid Electric Company,Home
0.3500000000000001,0.44999999999999996,rock,0,0.9234264733530785,1942,Dan Alfresco & Savage,Today
-0.19999999999999996,-0.1499999999999999,rock,3,0.5373445091429129,1943,Toy Sugar,The Answer
0.2749999999999999,0.02499999999999991,rock,2,0.750380911743756,1944,Waylon Thornton and the Heavy Hands,I Need Love
0.25,0.2749999999999999,rock,2,0.5333185290885706,1945,The Classic Cluster,Again
-0.25,0.25,rock,3,0.8675385430520711,1946,The Asound,Open Eyes
0.0,0.6000000000000001,rock,2,0.5792771650984739,1947,The Asound,Snow White
-0.25,0.42500000000000004,rock,3,0.8867233052053217,1948,The Asound,Joan
-0.7,0.02499999999999991,rock,3,0.6731792370515788,1949,Angels in America,II
-0.30000000000000004,-0.4,rock,1,0.7799712366407421,1950,Angels in America,I
-0.10000000000000009,-0.25,rock,4,0.4163701595903931,1951,Baby Scream,Nicole
-0.2250000000000001,-0.1499999999999999,rock,3,0.5463639934103441,1952,The Light Beyond,State Of Mind
0.02499999999999991,-0.1499999999999999,rock,4,0.44216501978446204,1953,Another Day On Earth,It's You
0.42500000000000004,0.17500000000000004,rock,0,0.7845964037755986,1954,The Raveonettes,Last Dance
0.125,0.375,rock,2,0.7219561892805078,1955,The Woolen Men,Hammer
0.10000000000000009,0.2250000000000001,rock,2,0.8735857774636501,1956,The Woolen Men,Boomerang
-0.050000000000000044,-0.050000000000000044,rock,3,0.40853543290046596,1957,The Woolen Men,Dogs
-0.050000000000000044,0.02499999999999991,rock,2,0.5038762829796185,1958,His Electro Blue Voice,Call
-0.07499999999999996,0.19999999999999996,rock,2,0.6308791871845701,1959,Nothing People,In the City
-0.125,0.42500000000000004,rock,3,0.5254273805085035,1960,Fast lady,Lady
0.2250000000000001,0.07499999999999996,rock,2,0.820308049414557,1961,The Yolks,I Do What I Do
-0.1499999999999999,0.0,rock,3,0.6540510544679426,1962,The Set of Red Things,Babies
-0.275,0.125,rock,3,0.8903577721289784,1963,The Set of Red Things,Between
-0.35,0.42500000000000004,rock,3,0.9768969123749571,1964,The Functional Blackouts,Another Planet
-0.42500000000000004,-0.375,rock,1,0.8304806443255938,1965,The Wire Orchestra,Track 12
-0.35,0.0,rock,3,0.8366541703615527,1966,The Wire Orchestra,Evolution
-0.07499999999999996,0.4750000000000001,rock,2,0.5978547197792414,1967,Mike Rep and the Quotas,Black Hole
-0.10000000000000009,0.29499999999999993,rock,2,0.5821278231435297,1968,Lightning Bolt,Dracula Mountain
-0.32499999999999996,0.17500000000000004,rock,3,0.9395090046510394,1969,Here Comes A Big Black Cloud!!,Vietnam
0.2250000000000001,0.5249999999999999,rock,0,0.8037058448412332,1970,Delusions of Grandeur,Alanis Morissette
0.125,0.125,rock,2,0.878598081778763,1971,Animals & Men,I
0.25,0.2250000000000001,rock,2,0.6219120064390931,1972,Family Of The Year,Let's Go Down
-0.17500000000000004,-0.17500000000000004,rock,3,0.4750985712060309,1973,The Snails,Lost at Sea
-0.4,-0.07499999999999996,rock,3,0.6950813011644152,1974,The Pink Noise,Lips #2
-0.07499999999999996,0.1499999999999999,rock,2,0.5940947521561527,1975,The Pink Noise,Glam
-0.02499999999999991,0.10000000000000009,rock,2,0.6865048725307741,1976,The Pink Noise,Toad
-0.07499999999999996,0.050000000000000044,rock,2,0.4692412295583081,1977,Pigeons & Crazy Porridgemakers,Horse
0.375,0.375,rock,0,0.903249711368976,1978,The Unfinished Sympathy,Teenage Kicks
0.125,0.55,rock,0,0.5494917569647502,1979,Confusion Is Next,The River
0.125,0.10000000000000009,rock,2,0.8724269647649258,1980,Le Tigre,Fake French
0.02499999999999991,0.19999999999999996,rock,2,0.8425316079028434,1981,The Ridiculous Trio,Not Right
-0.125,-0.125,rock,3,0.5143264354437133,1982,Nine Inch Nails,The Four of Us are Dying
-0.525,-0.4,rock,1,0.8976636610497233,1983,Nine Inch Nails,Corona Radiata
-0.32499999999999996,-0.525,rock,1,0.9056921407561249,1984,Nine Inch Nails,Lights in the Sky
-0.050000000000000044,0.1499999999999999,rock,2,0.6690935886076532,1985,Nine Inch Nails,Head Down
-0.25,0.02499999999999991,rock,3,0.820628188810937,1986,Nine Inch Nails,Echoplex
0.375,0.32499999999999996,rock,0,0.8638891822065548,1987,The Blood Lemons,Ghost
0.125,0.19999999999999996,rock,2,0.8709910245878622,1988,Fresh Body Shop,One More Reason
0.0,0.17500000000000004,rock,2,0.7982949229574408,1989,The Franks,My Friends
-0.19999999999999996,-0.2250000000000001,rock,3,0.37926040946852557,1990,The Seventh Necronation,The Hollow
0.0,0.25,rock,2,0.8193958615185276,1991,The Home Phonema,Plastic Plastic
-0.02499999999999991,0.44999999999999996,rock,2,0.7280456280332865,1992,Louis Lingg and The Bombs,Conspiracy
-0.375,0.5,rock,3,0.9883058930906631,1993,The Metamatics,InstruMental
-0.30000000000000004,-0.375,rock,1,0.7432509137995366,1994,Bombay Laughing Club,You Want It All
-0.07499999999999996,-0.07499999999999996,rock,3,0.4662362370367016,1995,The Pink Noise,The Tower
-0.275,0.2250000000000001,rock,3,0.903669394778801,1996,The Matt Kurz One,BEAT 'EM
0.07499999999999996,-0.275,rock,4,0.6765330323656377,1997,Ariel Pink's Haunted Graffiti,For Kate I Wait
0.3500000000000001,0.30000000000000004,rock,0,0.7914678425882137,1998,Fresh Body Shop,My Artificial Sun
-0.10000000000000009,0.10000000000000009,rock,3,0.48155983601509506,1999,The Gotobeds,New Dress
0.19999999999999996,0.25,rock,2,0.7197116918481476,2000,Fresh Body Shop,Never End Up Like This
-0.44999999999999996,0.3999999999999999,rock,3,0.9940959252499514,2001,Creepoid,Old Tree
0.3500000000000001,0.050000000000000044,other,2,0.5800828582779755,2002,Amar Lal,Spring Day 1
0.10000000000000009,-0.10000000000000009,classical,2,0.5184297831207261,2003,Joel Helander,Excessive Resistance to Change
0.0,-0.050000000000000044,folk/country,2,0.47697100482556093,2004,Aimee Norwich,Flying
-0.30000000000000004,0.050000000000000044,rock,3,0.8732323521339844,2005,Ava Luna,Waterduct
0.0,-0.44999999999999996,other,1,0.48504344329727583,2006,Clara Berry and Wooldog,Air Traffic
-0.4,-0.1499999999999999,pop,3,0.5007255620880113,2007,Dreamers of the Ghetto,Heavy Love
0.1499999999999999,-0.35,other,4,0.7985978076577415,2008,Invisible Familiars,Disturbing Wildlife
0.050000000000000044,-0.19999999999999996,classical,4,0.5594154049259028,2009,Joel Helander,Definition
0.25,-0.050000000000000044,folk/country,2,0.6875324202699368,2010,Karim Douaidy,Yatora
-0.19999999999999996,0.0,hip-hop,3,0.7448684932774534,2011,Lushlife,Toynbee Suite
-0.4575,0.04249999999999998,classical,3,0.8766011356021927,2012,Matthew Entwistle,Impressions of Saturn
0.10000000000000009,0.1499999999999999,classical,2,0.8801452632703964,2013,Matthew Entwistle,The Arch
-0.5,0.3999999999999999,rock,3,0.9959985951995216,2014,Meaxic,You Listen
0.3999999999999999,0.10000000000000009,classical,0,0.5873791258706329,2015,NYU,Bester Jungling
0.55,0.1499999999999999,folk/country,0,0.9200172655384415,2016,Music Delta,Chinese Jiang Nan
0.4175,0.375,jazz,0,0.9412452008882168,2017,Music Delta,Funk Jazz
0.375,0.3325,jazz,0,0.8705603949846838,2018,Music Delta,Modal Jazz
0.44999999999999996,0.44999999999999996,folk/country,0,0.9772654121283291,2019,Phoenix,The Broken Pledge - Chicago Reel
0.44999999999999996,0.19999999999999996,folk/country,0,0.8582398595845446,2020,Phoenix,The Collier's Daughter
-0.19999999999999996,-0.1499999999999999,other,3,0.5373445091429129,2021,Port St Willow,Stay Even
-0.30000000000000004,-0.1499999999999999,classical,3,0.5473492016652708,2022,NYU,Mignon (Kennst du das Land) Op.92a Mvt.1
0.1499999999999999,-0.5,pop,4,0.7043328538691039,2023,Strand of Oaks,Spacestation
0.3500000000000001,-0.1499999999999999,electronic,4,0.6601118275456316,2024,Tabla Breakbeat Science,Captain Sky
0.25,-0.050000000000000044,electronic,2,0.6875324202699368,2025,Tabla Breakbeat Science,Rock Steady
0.1499999999999999,-0.25,electronic,4,0.7338017030666298,2026,Tabla Breakbeat Science,Scorpio
0.19999999999999996,0.10000000000000009,rock,2,0.8428991429621122,2027,The Districts,Vermont
-0.4,0.30000000000000004,rock,3,0.9825868385169203,2028,The Scarlet Brand,Les Fleurs Du Mal
-0.20750000000000002,-0.25,other,1,0.3755935219463825,2029,A Classic Education,Night Owl
-0.19999999999999996,0.30000000000000004,rock,3,0.7521814505181936,2030,In Faded Glory,990
-0.10000000000000009,-0.4,other,1,0.5632866432876287,2031,No,Go
0.050000000000000044,-0.1499999999999999,pop,4,0.4526722717949591,2032,Kryptic Mood,Song For Jade
-0.4575,0.4575,rock,3,0.9962036978806468,2033,Hunt Club,Uranium
0.30000000000000004,-0.10000000000000009,pop,2,0.5067406462481887,2034,Jacques COUTURIER,Hey! beauty
-0.4,-0.10000000000000009,rock,3,0.6347942293566421,2035,Die Partysahnen,Mit dem Unibalett im Ulmer Monster tanzen
-0.2925,-0.08250000000000002,pop,3,0.6992458987379349,2036,Feel-ipson,Feel-ipson
0.3500000000000001,-0.1499999999999999,pop,4,0.6601118275456316,2037,engeo,Dreamworld
-0.25,-0.30000000000000004,blues/soul,1,0.5440184552722577,2038,Fabrice Collette,rouge et blues
0.10000000000000009,-0.10000000000000009,pop,2,0.5184297831207261,2039,FOOL DADAZ FIRE,Le Blues du Fantome
-0.35,0.5,folk/country,3,0.9819284881625321,2040,Ralph Buckley,FUCK THE WAR
-0.1499999999999999,-0.5,pop,1,0.7752181371545055,2041,Steven Dunston,Little White Church
-0.050000000000000044,-0.10000000000000009,other,3,0.4049335232714991,2042,Ogg Vorbis,Classical Delay
0.1499999999999999,-0.1499999999999999,jazz,4,0.4891234439522224,2043,Matti Paalanen,Summer
0.3500000000000001,0.050000000000000044,other,2,0.5800828582779755,2044,Manuzik,Habanera
-0.050000000000000044,-0.44999999999999996,jazz,1,0.5730289237139813,2045,Behrang Shegarfkar,Jazzy Mode
0.125,0.04249999999999998,jazz,2,0.8362129885084197,2046,PELdeNOZ,O Pindo
0.30000000000000004,0.0,jazz,2,0.6979612084663744,2047,AdHoc,La note en cage
0.30000000000000004,-0.35,rock,4,0.9365007995806898,2048,Maneros productions,Travelling in balochistan - late night highway
-0.1499999999999999,-0.30000000000000004,electronic,1,0.42578583151777377,2049,Steve.e!,Lonely Fool
-0.1499999999999999,-0.35,hip-hop,1,0.5346289403613426,2050,BeatRaider,Homecoming
-0.44999999999999996,-0.10000000000000009,hip-hop,3,0.602507381787407,2051,elbrujo,a fleur de peau
-0.44999999999999996,0.050000000000000044,hip-hop,3,0.8863267662147106,2052,Juice lee,Les 3 singes
-0.30000000000000004,-0.30000000000000004,electronic,1,0.5977187248200728,2053,ADC LEVEL,Neon
0.10000000000000009,-0.35,jazz,4,0.7222186190993456,2054,Tom La Meche,Interlude
0.0,0.050000000000000044,other,2,0.681211554887918,2055,Goo Goo Cluster,Vide grenier
0.0,-0.10000000000000009,jazz,2,0.34694723226573654,2056,Ruediger Kramer,happy child singing
-0.4575,0.4575,rock,3,0.9962036978806468,2057,La Verue,Au Feu
-0.30000000000000004,0.19999999999999996,rock,3,0.9269420899311003,2058,La Verue,Inside Views
