epoch,train_loss,valid_loss,ccc_v,ccc_a,ccc_avg,mae_v_fe,mae_a_fe,mae_fe,time
0,0.3312167227268219,-0.011990142054855824,0.015815487131476402,0.0019126728875562549,1.5654759407043457,1.3890948295593262,1.477285385131836,00:03
