epoch,train_loss,valid_loss,ccc_v,ccc_a,ccc_avg,mae_v_fe,mae_a_fe,mae_fe,time
0,0.2708680033683777,0.5834720134735107,0.1985354721546173,0.39100369811058044,1.1323273181915283,1.3652629852294922,1.2487951517105103,07:12
