epoch,train_loss,valid_loss,ccc_v,ccc_a,ccc_avg,mae_v_fe,mae_a_fe,mae_fe,time
0,0.26772937178611755,0.565326452255249,0.19364921748638153,0.3794878125190735,1.152673602104187,1.3455290794372559,1.249101161956787,07:10
