{
  "va_valence_mae": 0.5474953700092788,
  "va_valence_mse": 0.7158893636407166,
  "va_valence_rmse": 0.8461024545767,
  "va_valence_ccc": 0.43916626203211506,
  "va_valence_pearson": 0.4472258264472936,
  "va_valence_spearman": 0.36230168941725543,
  "va_arousal_mae": 0.7969708242665876,
  "va_arousal_mse": 0.9317657567930567,
  "va_arousal_rmse": 0.965280144203255,
  "va_arousal_ccc": 0.0030711060695259133,
  "va_arousal_pearson": 0.004132769821984806,
  "va_arousal_spearman": 0.013958955260720414,
  "va_mae_avg": 0.6722330971379332,
  "va_mse_avg": 0.8238275602168867,
  "va_rmse_avg": 0.9056912993899775,
  "va_ccc_avg": 0.2211186840508205,
  "va_pearson_avg": 0.2256792981346392,
  "va_spearman_avg": 0.18813032233898794,
  "va_q1_happy_mae_avg": 0.6599920476964624,
  "va_q1_happy_mse_avg": 0.8675373057241293,
  "va_q1_happy_rmse_avg": 0.903507353649079,
  "va_q1_happy_ccc_avg": -0.016657514179970828,
  "va_q1_happy_pearson_avg": -0.054296318034242765,
  "va_q1_happy_spearman_avg": -0.053706435632887836,
  "va_q1_happy_count": 508,
  "va_q2_angry_mae_avg": 0.8569261766164951,
  "va_q2_angry_mse_avg": 1.2344467739501472,
  "va_q2_angry_rmse_avg": 1.1079648457469187,
  "va_q2_angry_ccc_avg": 0.07681114317761639,
  "va_q2_angry_pearson_avg": 0.08491881344130138,
  "va_q2_angry_spearman_avg": 0.07932442863742079,
  "va_q2_angry_count": 360,
  "va_q3_sad_mae_avg": 0.8272427768062539,
  "va_q3_sad_mse_avg": 0.963221202271926,
  "va_q3_sad_rmse_avg": 0.9586386323275813,
  "va_q3_sad_ccc_avg": 0.07887312419729216,
  "va_q3_sad_pearson_avg": 0.1527057424949298,
  "va_q3_sad_spearman_avg": 0.1605995069566306,
  "va_q3_sad_count": 285,
  "va_q4_calm_mae_avg": 0.46249652243615313,
  "va_q4_calm_mse_avg": 0.4026334725716273,
  "va_q4_calm_rmse_avg": 0.6337957546730724,
  "va_q4_calm_ccc_avg": -0.00497785974258422,
  "va_q4_calm_pearson_avg": -0.009258939889332806,
  "va_q4_calm_spearman_avg": -0.02240547897335004,
  "va_q4_calm_count": 498,
  "va_mae_ratio": 1.4556667569561603,
  "va_difficulty_analysis": {
    "valence_mae": 0.5474953700092788,
    "arousal_mae": 0.7969708242665876,
    "arousal_harder": true
  }
}