valence_ref,arousal_ref,genre,cluster,cluster_conf
-0.475,-0.5,blues/soul,1,0.9375515623280285
-0.375,-0.42500000000000004,blues/soul,1,0.8559822929196009
0.17500000000000004,0.125,blues/soul,2,0.8594624953057179
-0.1499999999999999,0.07499999999999996,blues/soul,3,0.6500012090911367
0.19999999999999996,0.3500000000000001,blues/soul,2,0.55505446387198
-0.44999999999999996,-0.050000000000000044,blues/soul,3,0.7266026947207564
-0.25,-0.07499999999999996,blues/soul,3,0.7017525379401589
0.125,0.19999999999999996,blues/soul,2,0.8709910245878547
-0.44999999999999996,-0.25,blues/soul,1,0.6277812460550242
-0.1499999999999999,0.25,blues/soul,3,0.5915833672890078
-0.050000000000000044,-0.275,blues/soul,4,0.48682237682611124
0.2250000000000001,-0.17500000000000004,blues/soul,4,0.6139140618364137
0.10000000000000009,0.375,blues/soul,2,0.7694569167872407
0.3999999999999999,0.32499999999999996,blues/soul,0,0.8971597054020221
-0.25,-0.050000000000000044,blues/soul,3,0.7407147550816944
0.07499999999999996,-0.275,blues/soul,4,0.6765330323656382
0.7250000000000001,-0.07499999999999996,blues/soul,4,0.827221350872228
-0.07499999999999996,-0.30000000000000004,blues/soul,4,0.43820855475113313
-0.19999999999999996,-0.42500000000000004,blues/soul,1,0.7284263655224716
-0.050000000000000044,0.375,blues/soul,2,0.7174197257517095
0.3999999999999999,0.07499999999999996,blues/soul,0,0.5316245491466047
0.575,0.10000000000000009,blues/soul,0,0.8852713740607235
-0.10000000000000009,-0.050000000000000044,blues/soul,3,0.5291450323742238
-0.17500000000000004,0.02499999999999991,blues/soul,3,0.7127394859661683
0.2749999999999999,0.02499999999999991,blues/soul,2,0.7503809117437517
0.42500000000000004,-0.375,blues/soul,4,0.9835654671485857
-0.275,-0.02499999999999991,blues/soul,3,0.7872673502705818
0.02499999999999991,-0.725,blues/soul,1,0.7733607354368759
0.07499999999999996,-0.25,blues/soul,4,0.6559436734177004
-0.1499999999999999,-0.1499999999999999,blues/soul,3,0.5039444845335385
-0.125,-0.050000000000000044,blues/soul,3,0.5831493784807557
-0.275,0.07499999999999996,blues/soul,3,0.8722553093780583
-0.35,-0.050000000000000044,blues/soul,3,0.7598103956616383
-0.35,-0.44999999999999996,blues/soul,1,0.8655971885980628
-0.10000000000000009,0.02499999999999991,blues/soul,3,0.5213190946004191
-0.17500000000000004,0.02499999999999991,blues/soul,3,0.7127394859661683
-0.475,-0.42500000000000004,blues/soul,1,0.8984686629305808
0.19999999999999996,0.10000000000000009,blues/soul,2,0.8428991429621062
0.3500000000000001,0.19999999999999996,blues/soul,0,0.6351968644884735
-0.42500000000000004,-0.4,blues/soul,1,0.85719601822989
0.07499999999999996,-0.2250000000000001,blues/soul,4,0.62360480295911
-0.17500000000000004,0.3500000000000001,blues/soul,3,0.6788558008722171
0.30000000000000004,-0.275,blues/soul,4,0.8888674821727216
-0.35,-0.02499999999999991,blues/soul,3,0.8016083785112006
0.3500000000000001,0.19999999999999996,blues/soul,0,0.6351968644884735
0.55,0.44999999999999996,blues/soul,0,0.9932106388842755
-0.30000000000000004,-0.02499999999999991,blues/soul,3,0.7960624196886423
-0.44999999999999996,-0.275,blues/soul,1,0.6852669826002643
-0.1499999999999999,-0.35,blues/soul,1,0.5346289403613402
0.2250000000000001,-0.32499999999999996,blues/soul,4,0.8750664982865246
0.42500000000000004,0.1499999999999999,blues/soul,0,0.7473102314445021
0.19999999999999996,0.1499999999999999,blues/soul,2,0.8223990774382244
-0.5,-0.17500000000000004,blues/soul,1,0.47339970623153454
-0.17500000000000004,-0.44999999999999996,blues/soul,1,0.738508734156211
-0.19999999999999996,-0.525,blues/soul,1,0.8410289855739642
-0.4,-0.275,blues/soul,1,0.6393347015248038
0.125,0.125,blues/soul,2,0.8785980817787589
0.25,0.02499999999999991,blues/soul,2,0.7833685266023875
0.2749999999999999,-0.275,blues/soul,4,0.8718815638919071
-0.525,-0.375,blues/soul,1,0.8778371485954072
0.2749999999999999,0.19999999999999996,blues/soul,2,0.5887700396807702
0.2250000000000001,0.1499999999999999,blues/soul,2,0.7817577266300775
0.5249999999999999,0.30000000000000004,blues/soul,0,0.9708385329480135
0.10000000000000009,0.1499999999999999,blues/soul,2,0.8801452632703928
0.07499999999999996,-0.6,blues/soul,1,0.5537536307056686
0.42500000000000004,0.125,blues/soul,0,0.704699656417177
-0.125,-0.050000000000000044,blues/soul,3,0.5831493784807557
-0.17500000000000004,-0.19999999999999996,blues/soul,3,0.4251061518167972
-0.125,0.125,blues/soul,3,0.5510834915763382
0.19999999999999996,-0.07499999999999996,blues/soul,2,0.6479251058707801
0.55,0.25,blues/soul,0,0.9670181646632282
-0.42500000000000004,-0.10000000000000009,blues/soul,3,0.6200210567942525
0.44999999999999996,0.4750000000000001,blues/soul,0,0.9811813585357156
-0.17500000000000004,-0.575,blues/soul,1,0.8615934376862742
-0.17500000000000004,-0.2250000000000001,blues/soul,3,0.37509227073777107
-0.4,-0.55,blues/soul,1,0.9389784954553946
0.375,0.10000000000000009,blues/soul,0,0.5127013047450827
0.1499999999999999,-0.42500000000000004,blues/soul,4,0.76853084266821
0.2749999999999999,-0.42500000000000004,blues/soul,4,0.9237922479734851
0.375,0.0,blues/soul,2,0.531757272316983
-0.10000000000000009,-0.42500000000000004,blues/soul,1,0.6077616981408225
0.25,-0.050000000000000044,blues/soul,2,0.6875324202699359
-0.125,-0.19999999999999996,blues/soul,3,0.3976755358237764
-0.1499999999999999,-0.125,blues/soul,3,0.5442213147181598
-0.1499999999999999,-0.55,blues/soul,1,0.8242138963076032
0.07499999999999996,0.07499999999999996,blues/soul,2,0.8310949298924892
0.44999999999999996,0.3500000000000001,blues/soul,0,0.9519916696353897
0.10000000000000009,-0.30000000000000004,blues/soul,4,0.7226262825370342
-0.050000000000000044,0.17500000000000004,blues/soul,2,0.6878579436153506
0.8500000000000001,0.7,blues/soul,0,0.9999616832917594
-0.1499999999999999,-0.275,blues/soul,1,0.3694916534589344
-0.275,0.0,blues/soul,3,0.816367530591585
-0.02499999999999991,-0.10000000000000009,blues/soul,3,0.35292734560662475
-0.17500000000000004,-0.44999999999999996,blues/soul,1,0.738508734156211
-0.30000000000000004,0.0,blues/soul,3,0.8273485633550586
-0.475,-0.275,blues/soul,1,0.7066960268463678
0.125,-0.10000000000000009,blues/soul,2,0.5443755807692618
0.2749999999999999,0.30000000000000004,blues/soul,0,0.587411897852209
-0.32499999999999996,-0.55,blues/soul,1,0.9180479840278025
-0.125,-0.19999999999999996,blues/soul,3,0.3976755358237764
0.02499999999999991,0.2749999999999999,classical,2,0.8473664325615153
-0.5,0.07499999999999996,classical,3,0.9006581211083177
-0.35,-0.25,classical,1,0.5267461602373978
-0.19999999999999996,0.25,classical,3,0.7537987435009308
-0.42500000000000004,-0.19999999999999996,classical,1,0.46745008955440775
0.2749999999999999,-0.02499999999999991,classical,2,0.707645367602665
-0.55,-0.7,classical,1,0.9828808711541529
0.10000000000000009,0.25,classical,2,0.8647229351073041
-0.32499999999999996,-0.375,classical,1,0.7635113105877713
0.44999999999999996,0.30000000000000004,classical,0,0.9307123751563341
-0.17500000000000004,0.19999999999999996,classical,3,0.6873347342984578
-0.30000000000000004,-0.65,classical,1,0.9452434049383838
-0.19999999999999996,-0.125,classical,3,0.586009013545716
-0.10000000000000009,-0.050000000000000044,classical,3,0.5291450323742238
-0.25,-0.02499999999999991,classical,3,0.7733240573085096
-0.4,-0.07499999999999996,classical,3,0.6950813011644276
-0.475,0.10000000000000009,classical,3,0.9260171087904654
-0.65,-0.375,classical,1,0.9140372812872974
-0.07499999999999996,0.0,classical,3,0.45951672862653176
-0.4,-0.475,classical,1,0.9045161658375889
0.0,0.10000000000000009,classical,2,0.7437753361256528
-0.25,-0.125,classical,3,0.6058832632527099
-0.1499999999999999,0.1499999999999999,classical,3,0.6229711768989832
-0.275,-0.125,classical,3,0.6088058758498803
-0.19999999999999996,-0.2250000000000001,classical,3,0.37926040946853146
-0.35,0.10000000000000009,classical,3,0.9225564048011183
0.3500000000000001,0.42500000000000004,classical,0,0.908660320419064
-0.25,0.30000000000000004,classical,3,0.869166294305027
-0.725,-0.35,classical,1,0.9112625817550476
-0.30000000000000004,-0.475,classical,1,0.8606284912340957
-0.375,-0.375,classical,1,0.7996676384216859
0.32499999999999996,-0.375,classical,4,0.9536997533393285
-0.32499999999999996,-0.10000000000000009,classical,3,0.6614499312837053
-0.35,-0.125,classical,3,0.5947094846240648
-0.2250000000000001,-0.525,classical,1,0.8573448950241642
-0.475,-0.19999999999999996,classical,1,0.5199004106956661
-0.575,-0.42500000000000004,classical,1,0.9260992134807791
-0.42500000000000004,-0.4,classical,1,0.85719601822989
-0.65,-0.55,classical,1,0.9719343297844507
-0.5,0.0,classical,3,0.7997929578471338
-0.725,-0.35,classical,1,0.9112625817550476
-0.30000000000000004,0.0,classical,3,0.8273485633550586
-0.10000000000000009,-0.7,classical,1,0.8820928084774631
-0.25,-0.30000000000000004,classical,1,0.5440184552722516
-0.32499999999999996,-0.17500000000000004,classical,3,0.47568757365062714
-0.65,-0.275,classical,1,0.8200616727336503
-0.050000000000000044,0.1499999999999999,classical,2,0.6690935886076577
-0.55,-0.32499999999999996,classical,1,0.8370933204197708
0.050000000000000044,0.25,classical,2,0.8653853029865812
-0.050000000000000044,0.2250000000000001,classical,2,0.7138742929881092
-0.32499999999999996,-0.625,classical,1,0.9445538136915305
-0.7,-0.32499999999999996,classical,1,0.8891166435309155
-0.35,-0.4,classical,1,0.8149591593891307
-0.02499999999999991,-0.10000000000000009,classical,3,0.35292734560662475
-0.32499999999999996,-0.25,classical,1,0.5005186373055415
-0.625,-0.32499999999999996,classical,1,0.8683468766884999
-0.25,-0.42500000000000004,classical,1,0.7738171514551638
0.375,0.5249999999999999,classical,0,0.9673744293562612
-0.55,-0.475,classical,1,0.9427911114047718
0.02499999999999991,0.32499999999999996,classical,2,0.8374398867204208
0.19999999999999996,0.2749999999999999,classical,2,0.683200912723331
-0.2250000000000001,-0.5,classical,1,0.8367136277966316
-0.575,-0.07499999999999996,classical,3,0.5525480526287504
-0.19999999999999996,-0.575,classical,1,0.8768020818123498
-0.17500000000000004,-0.125,classical,3,0.5680627282902185
-0.7,-0.55,classical,1,0.97430858037193
-0.775,-0.42500000000000004,classical,1,0.9493437711726167
0.07499999999999996,0.17500000000000004,classical,2,0.8758817688168826
-0.32499999999999996,-0.050000000000000044,classical,3,0.760884167074524
-0.10000000000000009,0.050000000000000044,classical,3,0.5099182409652498
-0.375,-0.050000000000000044,classical,3,0.7556394928566649
-0.35,-0.7,classical,1,0.9644908055502344
-0.5,-0.125,classical,3,0.48678342415507425
-0.675,-0.6,classical,1,0.9796004681251379
-0.050000000000000044,-0.050000000000000044,classical,3,0.40853543290046307
-0.050000000000000044,0.375,classical,2,0.7174197257517095
-0.475,-0.10000000000000009,classical,3,0.5823448637257127
-0.19999999999999996,0.125,classical,3,0.770633933633044
-0.475,-0.02499999999999991,classical,3,0.7656527800952624
-0.10000000000000009,0.10000000000000009,classical,3,0.481559836015088
-0.6,-0.625,classical,1,0.978884572496801
-0.35,-0.2250000000000001,classical,1,0.45956735001791926
-0.44999999999999996,-0.6,classical,1,0.9614310425084194
-0.125,0.07499999999999996,classical,3,0.5755078919735049
-0.375,-0.050000000000000044,classical,3,0.7556394928566649
-0.525,-0.25,classical,1,0.6956215408524153
-0.65,-0.30000000000000004,classical,1,0.851017669415554
-0.2250000000000001,-0.4,classical,1,0.7149628817986858
-0.17500000000000004,-0.4,classical,1,0.6615313476535182
-0.30000000000000004,-0.17500000000000004,classical,3,0.4847539953363005
-0.7,-0.375,classical,1,0.9224549013851061
0.125,0.17500000000000004,classical,2,0.8774731618830903
-0.32499999999999996,-0.19999999999999996,classical,3,0.4116565848697713
-0.02499999999999991,0.0,classical,2,0.5270156073512396
-0.475,-0.375,classical,1,0.8564088505693473
-0.375,-0.25,classical,1,0.5527053163340365
-0.050000000000000044,-0.050000000000000044,classical,3,0.40853543290046307
-0.2250000000000001,0.1499999999999999,classical,3,0.8222796427601672
-0.625,-0.575,classical,1,0.9741929878456521
-0.07499999999999996,-0.125,classical,3,0.4377729833771772
-0.375,-0.275,classical,1,0.6150378444244958
-0.5,-0.32499999999999996,classical,1,0.8100915839365315
-0.625,-0.65,classical,1,0.9824211261118813
-0.19999999999999996,-0.275,classical,1,0.4275114582842076
-0.5,-0.10000000000000009,classical,3,0.5596330794316174
-0.675,-0.42500000000000004,classical,1,0.9422682767182464
0.3500000000000001,0.3999999999999999,classical,0,0.8913790939485102
-0.2250000000000001,-0.10000000000000009,classical,3,0.6460340547886042
-0.375,-0.07499999999999996,classical,3,0.7045375102040452
0.55,-0.2250000000000001,classical,4,0.9644044533808974
-0.17500000000000004,-0.19999999999999996,classical,3,0.4251061518167972
-0.19999999999999996,0.2749999999999999,classical,3,0.7522712034633368
-0.02499999999999991,-0.44999999999999996,classical,1,0.530402357947173
-0.275,-0.125,classical,3,0.6088058758498803
-0.4,-0.32499999999999996,classical,1,0.7410194495483172
-0.4,-0.35,classical,1,0.7815051969487874
0.3999999999999999,-0.625,folk/country,4,0.9605531083051075
0.07499999999999996,0.6000000000000001,folk/country,2,0.47139144840566394
0.6499999999999999,0.4750000000000001,folk/country,0,0.9982486710707899
-0.17500000000000004,-0.17500000000000004,folk/country,3,0.4750985712060364
0.07499999999999996,-0.35,folk/country,4,0.6788115526296129
0.1499999999999999,0.4750000000000001,folk/country,0,0.49776517474926546
0.07499999999999996,0.125,folk/country,2,0.8624852952468387
-0.125,0.3500000000000001,folk/country,3,0.4994277421650279
-0.35,-0.050000000000000044,folk/country,3,0.7598103956616383
-0.17500000000000004,-0.050000000000000044,folk/country,3,0.6692007623600925
0.2749999999999999,0.5249999999999999,folk/country,0,0.8891810399167606
0.2250000000000001,0.3500000000000001,folk/country,0,0.5171239425911215
0.10000000000000009,0.55,folk/country,2,0.4950573142166643
0.675,0.25,folk/country,0,0.9886274345172993
0.07499999999999996,0.125,folk/country,2,0.8624852952468387
0.2749999999999999,0.07499999999999996,folk/country,2,0.7431240882936369
0.125,0.02499999999999991,folk/country,2,0.8175864233345835
-0.35,-0.07499999999999996,folk/country,3,0.711052048182418
-0.19999999999999996,-0.42500000000000004,folk/country,1,0.7284263655224716
0.10000000000000009,0.5,folk/country,2,0.5859229929678925
-0.44999999999999996,-0.19999999999999996,folk/country,1,0.4936609034710906
-0.1499999999999999,0.050000000000000044,folk/country,3,0.6553413805410947
-0.375,0.02499999999999991,folk/country,3,0.8668907294457217
0.17500000000000004,0.4750000000000001,folk/country,0,0.5844246954294053
-0.375,0.050000000000000044,folk/country,3,0.8916333109223902
0.17500000000000004,0.42500000000000004,folk/country,2,0.4955071503738498
-0.725,-0.275,folk/country,1,0.8467601420599052
0.575,0.6000000000000001,folk/country,0,0.9984224305491313
0.32499999999999996,-0.19999999999999996,folk/country,4,0.7782542638831442
0.125,0.375,folk/country,2,0.7219561892804862
0.2250000000000001,0.17500000000000004,folk/country,2,0.7567645064128949
-0.475,-0.35,folk/country,1,0.8284396391878024
-0.25,0.10000000000000009,folk/country,3,0.8560628400796351
-0.55,-0.17500000000000004,folk/country,1,0.5261365719104691
0.44999999999999996,-0.125,folk/country,4,0.7001013002338182
-0.44999999999999996,-0.32499999999999996,folk/country,1,0.7780585351933202
0.3999999999999999,0.5,folk/country,0,0.9711488726627494
0.5,0.3500000000000001,folk/country,0,0.9734467496872203
-0.30000000000000004,-0.10000000000000009,folk/country,3,0.6637887192701787
0.3500000000000001,0.44999999999999996,folk/country,0,0.9234264733530793
0.17500000000000004,0.42500000000000004,folk/country,2,0.4955071503738498
0.2749999999999999,0.44999999999999996,folk/country,0,0.8185834767136618
-0.17500000000000004,0.3999999999999999,folk/country,3,0.6924244643668467
0.07499999999999996,0.19999999999999996,folk/country,2,0.8772509108618852
-0.725,-0.575,folk/country,1,0.9783062969939299
0.19999999999999996,0.4750000000000001,folk/country,0,0.6651198643879109
-0.10000000000000009,0.19999999999999996,folk/country,2,0.5488241063623387
-0.35,0.07499999999999996,folk/country,3,0.9076801988710201
0.19999999999999996,0.2250000000000001,folk/country,2,0.752232358571542
0.3500000000000001,0.625,folk/country,0,0.9788757664911375
-0.55,-0.375,folk/country,1,0.8869755611972197
0.2749999999999999,-0.17500000000000004,folk/country,4,0.6580203172195308
0.2250000000000001,0.2250000000000001,folk/country,2,0.6920958225153555
-0.125,0.3999999999999999,folk/country,3,0.514080706078021
0.6000000000000001,0.3999999999999999,folk/country,0,0.9943966932551743
0.575,0.25,folk/country,0,0.9745966587804871
0.2749999999999999,0.6499999999999999,folk/country,0,0.9542131456118649
-0.04499999999999993,0.1825000000000001,folk/country,2,0.705875711168178
-0.42500000000000004,-0.07499999999999996,folk/country,3,0.6828105054421317
0.125,0.10000000000000009,folk/country,2,0.8724269647649227
0.10000000000000009,0.55,folk/country,2,0.4950573142166643
0.25,0.5249999999999999,folk/country,0,0.8516740672263351
0.050000000000000044,-0.19999999999999996,folk/country,4,0.5594154049259041
-0.42500000000000004,-0.19999999999999996,folk/country,1,0.46745008955440775
0.2250000000000001,-0.475,folk/country,4,0.8547534598593546
0.125,0.4750000000000001,folk/country,2,0.5593304020462208
0.42500000000000004,0.2749999999999999,folk/country,0,0.890071886833
0.2250000000000001,0.2250000000000001,folk/country,2,0.6920958225153555
0.44999999999999996,0.44999999999999996,folk/country,0,0.9772654121283286
0.2749999999999999,0.3999999999999999,folk/country,0,0.7544810145170013
-0.5,-0.30000000000000004,folk/country,1,0.7721360353527398
0.2250000000000001,0.4750000000000001,folk/country,0,0.7363948419438213
-0.30000000000000004,-0.10000000000000009,folk/country,3,0.6637887192701787
-0.30000000000000004,-0.1499999999999999,folk/country,3,0.5473492016652809
-0.25,0.02499999999999991,folk/country,3,0.820628188810937
0.5,0.7749999999999999,folk/country,0,0.9989816409976995
-0.10000000000000009,0.050000000000000044,folk/country,3,0.5099182409652498
0.55,0.375,folk/country,0,0.9878454408760017
0.42500000000000004,0.575,folk/country,0,0.9880089141143288
-0.29500000000000004,0.20500000000000007,folk/country,3,0.9232146664945233
0.0,0.17500000000000004,folk/country,2,0.7982949229574415
-0.10000000000000009,0.19999999999999996,folk/country,2,0.5488241063623387
0.25,0.375,folk/country,0,0.6450059685015002
0.125,-0.125,folk/country,2,0.4641517153437069
-0.25,-0.050000000000000044,folk/country,3,0.7407147550816944
0.5249999999999999,0.3500000000000001,folk/country,0,0.9802190320218821
0.02499999999999991,0.375,folk/country,2,0.816886007423186
-0.10000000000000009,0.1499999999999999,folk/country,2,0.5106741292355185
-0.050000000000000044,0.375,folk/country,2,0.7174197257517095
0.1499999999999999,-0.19999999999999996,folk/country,4,0.63233276042543
-0.625,-0.32499999999999996,folk/country,1,0.8683468766884999
-0.625,0.125,folk/country,3,0.906838821412077
-0.6125,-0.41000000000000003,folk/country,1,0.9261644333571368
-0.25,0.2250000000000001,folk/country,3,0.8672635496894482
0.125,0.375,folk/country,2,0.7219561892804862
0.25,0.5249999999999999,folk/country,0,0.8516740672263351
0.4750000000000001,0.2749999999999999,folk/country,0,0.9374513359431165
-0.475,-0.575,folk/country,1,0.9596622656865695
-0.050000000000000044,0.2749999999999999,folk/country,2,0.7265829580974394
-0.525,-0.4,folk/country,1,0.8976636610497222
-0.30000000000000004,-0.4,folk/country,1,0.7799712366407406
0.050000000000000044,0.3999999999999999,folk/country,2,0.7986631347130658
-0.35,-0.050000000000000044,folk/country,3,0.7598103956616383
0.5,-0.02499999999999991,folk/country,0,0.45696686118954666
-0.775,-0.55,folk/country,1,0.9760487705180072
0.0,0.2250000000000001,electronic,2,0.8153871073483625
0.125,0.2250000000000001,electronic,2,0.8608266657215352
-0.775,-0.525,electronic,1,0.9724333649248734
0.1499999999999999,-0.050000000000000044,electronic,2,0.7007717665491042
0.25,0.42500000000000004,electronic,0,0.727332685138961
-0.19999999999999996,-0.35,electronic,1,0.5966575468275094
-0.35,-0.2250000000000001,electronic,1,0.45956735001791926
0.0,0.125,electronic,2,0.7665234577802179
0.30000000000000004,0.30000000000000004,electronic,0,0.664444912847127
0.17500000000000004,0.30000000000000004,electronic,2,0.7104054531900194
0.125,0.2749999999999999,electronic,2,0.82956169382294
-0.4,-0.050000000000000044,electronic,3,0.7486308463118357
0.25,0.3500000000000001,electronic,0,0.599892504845444
0.42500000000000004,0.30000000000000004,electronic,0,0.907768528609727
0.5,0.5,electronic,0,0.9915613054241822
0.42500000000000004,0.5,electronic,0,0.9788137947678449
0.02499999999999991,0.1499999999999999,electronic,2,0.824126802364049
0.125,0.3500000000000001,electronic,2,0.7545497134572469
0.5249999999999999,0.5249999999999999,electronic,0,0.9948600722329652
0.02499999999999991,0.050000000000000044,electronic,2,0.7333233805187389
0.4750000000000001,0.44999999999999996,electronic,0,0.9832361632573732
0.2749999999999999,0.6000000000000001,electronic,0,0.9344037751931517
0.07499999999999996,-0.17500000000000004,electronic,4,0.5246450693705367
-0.17500000000000004,-0.125,electronic,3,0.5680627282902185
0.3999999999999999,0.2749999999999999,electronic,0,0.8554210266355671
-0.30000000000000004,0.02499999999999991,electronic,3,0.852846045403248
0.25,0.050000000000000044,electronic,2,0.7902034552110558
0.125,0.050000000000000044,electronic,2,0.842986776812426
-0.42500000000000004,-0.25,electronic,1,0.6033591469683293
-0.125,0.10000000000000009,electronic,3,0.5636937388121317
-0.55,-0.32499999999999996,electronic,1,0.8370933204197708
0.050000000000000044,-0.125,electronic,4,0.3903495604392396
0.5249999999999999,0.44999999999999996,electronic,0,0.9908444405041563
0.07499999999999996,0.07499999999999996,electronic,2,0.8310949298924892
0.050000000000000044,0.19999999999999996,electronic,2,0.8651848829959284
0.3999999999999999,0.3999999999999999,electronic,0,0.939652767682757
-0.42500000000000004,-0.17500000000000004,electronic,3,0.41286944006188053
-0.25,-0.525,electronic,1,0.8717296631032084
0.2749999999999999,0.125,electronic,2,0.6992163331414893
0.07499999999999996,0.07499999999999996,electronic,2,0.8310949298924892
-0.125,0.2250000000000001,electronic,3,0.5079237990300608
-0.17500000000000004,0.050000000000000044,electronic,3,0.7163180994625556
0.050000000000000044,-0.17500000000000004,electronic,4,0.5101596704274259
0.07499999999999996,0.32499999999999996,electronic,2,0.8386950798675954
-0.10000000000000009,0.02499999999999991,electronic,3,0.5213190946004191
-0.2250000000000001,-0.125,electronic,3,0.5984514458445692
-0.675,-0.625,electronic,1,0.9820428400734941
-0.65,-0.10000000000000009,electronic,1,0.40224920805208175
0.42500000000000004,0.375,electronic,0,0.946254243227531
-0.35,-0.30000000000000004,electronic,1,0.6476988414140372
-0.2250000000000001,0.0,electronic,3,0.7763915540026642
-0.02499999999999991,-0.1499999999999999,electronic,4,0.4150053369773742
0.11250000000000004,0.4375,electronic,2,0.6583222504955624
-0.10000000000000009,0.1499999999999999,electronic,2,0.5106741292355185
0.0,-0.050000000000000044,electronic,2,0.476971004825566
0.10000000000000009,0.17500000000000004,electronic,2,0.8814476520595379
0.2749999999999999,-0.675,electronic,4,0.8034186093361767
-0.4,0.0,electronic,3,0.8336619024632235
0.32499999999999996,0.2749999999999999,electronic,0,0.6935449479082012
-0.30000000000000004,-0.30000000000000004,electronic,1,0.5977187248200663
-0.050000000000000044,-0.1499999999999999,electronic,4,0.3981149265759949
0.19999999999999996,-0.10000000000000009,electronic,2,0.5747412522656418
0.0,0.17500000000000004,electronic,2,0.7982949229574415
0.02499999999999991,0.1499999999999999,electronic,2,0.824126802364049
0.3999999999999999,0.2250000000000001,electronic,0,0.7998828844238958
0.17500000000000004,0.44999999999999996,electronic,0,0.5375015270846293
-0.35,-0.4,electronic,1,0.8149591593891307
0.02499999999999991,0.07499999999999996,electronic,2,0.7645892436365737
0.375,0.050000000000000044,electronic,2,0.5087294242114294
0.5249999999999999,0.125,electronic,0,0.87555113903833
0.1499999999999999,0.0,electronic,2,0.7954368849971567
0.5249999999999999,0.55,electronic,0,0.9957606474318791
-0.55,-0.44999999999999996,electronic,1,0.932687378656086
-0.125,0.17500000000000004,electronic,3,0.5268576048593717
-0.575,-0.2250000000000001,electronic,1,0.681737633789903
-0.4,-0.07499999999999996,electronic,3,0.6950813011644276
-0.775,-0.375,electronic,1,0.9294927148216627
0.3500000000000001,0.375,electronic,0,0.871285026497167
-0.6,-0.32499999999999996,electronic,1,0.8591348926636022
0.30000000000000004,0.17500000000000004,electronic,2,0.5544129462620252
-0.125,0.07499999999999996,electronic,3,0.5755078919735049
-0.85,-0.4,electronic,1,0.9407806444142491
-0.10000000000000009,0.050000000000000044,electronic,3,0.5099182409652498
-0.275,-0.32499999999999996,electronic,1,0.6269247708636357
-0.1499999999999999,-0.050000000000000044,electronic,3,0.6301495112407384
-0.32499999999999996,-0.02499999999999991,electronic,3,0.8006096423615743
-0.32499999999999996,-0.2250000000000001,electronic,1,0.4337174102274399
-0.07499999999999996,0.2250000000000001,electronic,2,0.6435966384049394
0.30000000000000004,0.17500000000000004,electronic,2,0.5544129462620252
-0.525,-0.55,electronic,1,0.9607506533441363
-0.35,-0.35,electronic,1,0.7438299155129794
0.25,0.050000000000000044,electronic,2,0.7902034552110558
-0.625,-0.1499999999999999,folk/country,1,0.5295721540812017
-0.050000000000000044,-0.10000000000000009,folk/country,3,0.4049335232714977
0.19999999999999996,0.3500000000000001,folk/country,2,0.55505446387198
-0.050000000000000044,-0.25,folk/country,4,0.48676741940598156
-0.525,-0.2250000000000001,folk/country,1,0.6373109277774351
-0.02499999999999991,-0.050000000000000044,folk/country,2,0.4146343398082519
0.02499999999999991,0.10000000000000009,folk/country,2,0.7895982102125485
-0.475,-0.19999999999999996,folk/country,1,0.5199004106956661
-0.17500000000000004,0.19999999999999996,folk/country,3,0.6873347342984578
-0.30000000000000004,-0.4,folk/country,1,0.7799712366407406
-0.2250000000000001,-0.4,folk/country,1,0.7149628817986858
0.44999999999999996,0.07499999999999996,folk/country,0,0.665080165090189
-0.25,0.125,folk/country,3,0.8613228653314985
-0.30000000000000004,-0.10000000000000009,folk/country,3,0.6637887192701787
-0.375,-0.575,folk/country,1,0.9414594235011866
0.02499999999999991,0.2250000000000001,folk/country,2,0.846906271169839
-0.42500000000000004,-0.25,folk/country,1,0.6033591469683293
-0.17500000000000004,-0.050000000000000044,folk/country,3,0.6692007623600925
-0.25,0.17500000000000004,folk/country,3,0.8661740868523188
-0.07499999999999996,0.19999999999999996,folk/country,2,0.6308791871845755
-0.42500000000000004,-0.375,folk/country,1,0.8304806443255915
0.2749999999999999,0.375,folk/country,0,0.7171762986962037
0.02499999999999991,-0.125,folk/country,4,0.3850027019168968
0.0,-0.6,folk/country,1,0.6966108396330264
-0.2250000000000001,-0.1499999999999999,folk/country,3,0.5463639934103516
-0.050000000000000044,-0.125,folk/country,3,0.3931144523533714
-0.4,-0.050000000000000044,folk/country,3,0.7486308463118357
-0.19999999999999996,0.2250000000000001,folk/country,3,0.7565022658575196
-0.44999999999999996,-0.25,folk/country,1,0.6277812460550242
-0.55,0.0,folk/country,3,0.7688860988952156
0.050000000000000044,-0.050000000000000044,folk/country,2,0.5843001140059183
0.1499999999999999,0.2749999999999999,folk/country,2,0.7935661499622786
-0.55,-0.44999999999999996,folk/country,1,0.932687378656086
-0.525,-0.10000000000000009,folk/country,3,0.5344975477091453
0.4750000000000001,0.5,folk/country,0,0.988548089268394
-0.07499999999999996,-0.02499999999999991,folk/country,3,0.4674541937025756
-0.475,-0.5,folk/country,1,0.9375515623280285
0.10000000000000009,-0.475,folk/country,4,0.621819626221266
-0.125,-0.050000000000000044,folk/country,3,0.5831493784807557
0.1499999999999999,0.125,folk/country,2,0.873576556232504
-0.475,-0.44999999999999996,folk/country,1,0.9140863268221101
-0.65,-0.1499999999999999,folk/country,1,0.5540582318641556
0.07499999999999996,0.25,folk/country,2,0.8707524065660733
-0.475,-0.02499999999999991,folk/country,3,0.7656527800952624
-0.625,-0.65,folk/country,1,0.9824211261118813
-0.25,-0.19999999999999996,folk/country,3,0.4342091861208536
0.050000000000000044,0.2250000000000001,folk/country,2,0.8667006824056722
0.17500000000000004,0.30000000000000004,folk/country,2,0.7104054531900194
0.11250000000000004,0.022499999999999964,folk/country,2,0.8068717561487642
-0.19999999999999996,-0.475,folk/country,1,0.7927080364672732
-0.050000000000000044,0.3500000000000001,folk/country,2,0.7238797562794067
-0.25,0.1499999999999999,folk/country,3,0.8644852476550623
-0.375,-0.25,folk/country,1,0.5527053163340365
-0.1499999999999999,0.25,folk/country,3,0.5915833672890078
-0.2250000000000001,0.1499999999999999,folk/country,3,0.8222796427601672
-0.1499999999999999,0.2749999999999999,folk/country,3,0.5879944292304654
-0.525,-0.30000000000000004,folk/country,1,0.788626459694993
0.07499999999999996,0.13749999999999996,folk/country,2,0.8673088858180028
0.32499999999999996,0.375,folk/country,0,0.8303355231866444
0.02499999999999991,-0.050000000000000044,folk/country,2,0.5341872557820863
0.1499999999999999,0.3999999999999999,folk/country,2,0.6186865048733332
0.050000000000000044,0.44999999999999996,folk/country,2,0.7512261016529087
-0.17500000000000004,-0.32499999999999996,folk/country,1,0.5130385413678189
-0.44999999999999996,0.0,folk/country,3,0.8211623836222535
-0.375,0.0,folk/country,3,0.8364583375130848
0.375,-0.5,folk/country,4,0.9688984227167876
0.19999999999999996,-0.1499999999999999,folk/country,4,0.5150812111721659
-0.525,-0.1499999999999999,folk/country,1,0.4248160620521412
-0.125,0.0,folk/country,3,0.5950525843668978
-0.30000000000000004,0.2250000000000001,folk/country,3,0.929812432188762
-0.475,-0.1499999999999999,folk/country,3,0.4388561573838289
-0.02499999999999991,0.44999999999999996,jazz,2,0.7280456280332772
0.6000000000000001,0.6499999999999999,jazz,0,0.9992048071409544
0.6499999999999999,-0.475,jazz,4,0.9994100329613278
-0.19999999999999996,0.10000000000000009,jazz,3,0.7720159910924878
-0.07499999999999996,0.19999999999999996,jazz,2,0.6308791871845755
0.3999999999999999,0.6499999999999999,jazz,0,0.9907327543355539
-0.7,-0.35,jazz,1,0.9074556742269294
-0.44999999999999996,-0.1499999999999999,jazz,3,0.4615756747540826
0.2749999999999999,0.32499999999999996,jazz,0,0.6331754783280557
0.6499999999999999,0.7,jazz,0,0.9997002859351872
-0.375,-0.19999999999999996,jazz,1,0.4158519527550931
-0.17500000000000004,0.1499999999999999,jazz,3,0.7006440640852809
-0.10000000000000009,0.17500000000000004,jazz,2,0.5316321891176055
-0.475,-0.30000000000000004,jazz,1,0.7543536643397586
-0.5,0.19999999999999996,jazz,3,0.9712022685698745
0.02499999999999991,0.44999999999999996,jazz,2,0.7637635964866867
0.30000000000000004,0.42500000000000004,jazz,0,0.8382473074215708
0.25,-0.19999999999999996,jazz,4,0.7082189667980807
0.3500000000000001,0.5249999999999999,jazz,0,0.9555165744516433
-0.44999999999999996,-0.17500000000000004,jazz,1,0.42088291788537097
0.07499999999999996,0.375,jazz,2,0.801421750375276
0.02499999999999991,-0.1499999999999999,jazz,4,0.4421650197844622
-0.6,-0.2250000000000001,jazz,1,0.701934584086448
0.02499999999999991,0.1499999999999999,jazz,2,0.824126802364049
-0.1499999999999999,0.17500000000000004,jazz,3,0.6133459489117856
-0.725,-0.55,jazz,1,0.9751205744958221
-0.7,-0.55,jazz,1,0.97430858037193
0.2250000000000001,0.02499999999999991,jazz,2,0.806924999417194
-0.42500000000000004,-0.17500000000000004,jazz,3,0.41286944006188053
0.5,0.3999999999999999,jazz,0,0.9818643139899619
0.17500000000000004,0.30000000000000004,jazz,2,0.7104054531900194
0.07499999999999996,0.0,jazz,2,0.7344662862051251
-0.19999999999999996,-0.02499999999999991,jazz,3,0.7256824822997748
0.0,0.07499999999999996,jazz,2,0.7155642670273955
-0.475,-0.32499999999999996,jazz,1,0.7947042934603358
-0.1499999999999999,0.32499999999999996,jazz,3,0.5876889858631931
0.3999999999999999,0.42500000000000004,jazz,0,0.9497019086991472
0.44999999999999996,0.6000000000000001,jazz,0,0.9927454266284911
0.02499999999999991,0.19999999999999996,jazz,2,0.8425316079028421
0.3999999999999999,0.3999999999999999,jazz,0,0.939652767682757
0.375,0.07499999999999996,jazz,2,0.4802655643986793
-0.02499999999999991,0.3999999999999999,jazz,2,0.7569001009306264
-0.050000000000000044,0.25,jazz,2,0.7217691455579579
-0.17500000000000004,-0.02499999999999991,jazz,3,0.6899029235627514
-0.125,-0.35,jazz,1,0.5009895988500358
-0.4,0.125,jazz,3,0.942927485476588
0.575,0.6000000000000001,jazz,0,0.9984224305491313
-0.17500000000000004,0.0,jazz,3,0.7042132486964746
-0.30000000000000004,-0.10000000000000009,jazz,3,0.6637887192701787
-0.65,-0.1499999999999999,jazz,1,0.5540582318641556
0.0,-0.32499999999999996,jazz,4,0.5539672721787221
0.4750000000000001,0.2749999999999999,jazz,0,0.9374513359431165
0.30000000000000004,0.07499999999999996,jazz,2,0.6889199377093707
0.2250000000000001,0.30000000000000004,jazz,2,0.56723348760345
0.07499999999999996,0.19999999999999996,jazz,2,0.8772509108618852
-0.050000000000000044,0.19999999999999996,jazz,2,0.7026684448049921
-0.275,-0.32499999999999996,jazz,1,0.6269247708636357
-0.32499999999999996,-0.125,jazz,3,0.6028714690938702
-0.050000000000000044,0.1499999999999999,jazz,2,0.6690935886076577
0.625,-0.42500000000000004,jazz,4,0.9990569985365759
0.02499999999999991,0.25,jazz,2,0.8484626815281983
-0.2250000000000001,-0.19999999999999996,jazz,3,0.4351165043640749
0.125,0.25,jazz,2,0.8470266168675784
-0.44999999999999996,-0.475,jazz,1,0.9202848553220608
-0.44999999999999996,-0.44999999999999996,jazz,1,0.906323513613639
0.19999999999999996,0.0,jazz,2,0.7962181993477621
0.10000000000000009,0.02499999999999991,jazz,2,0.800411786803767
-0.525,-0.475,jazz,1,0.9381432290065332
-0.4,0.07499999999999996,jazz,3,0.9128684798812561
-0.02499999999999991,0.32499999999999996,jazz,2,0.7790532217759062
-0.1499999999999999,-0.050000000000000044,jazz,3,0.6301495112407384
-0.525,-0.17500000000000004,jazz,1,0.49987499278358916
-0.125,-0.02499999999999991,jazz,3,0.5922844056254178
0.2250000000000001,0.375,jazz,0,0.5647724428362308
0.5249999999999999,0.55,jazz,0,0.9957606474318791
0.17500000000000004,0.125,jazz,2,0.8594624953057179
0.17500000000000004,0.5,jazz,0,0.629774371025957
0.375,0.55,jazz,0,0.9729341438230088
0.25,0.2749999999999999,jazz,2,0.5333185290885608
0.02499999999999991,0.02499999999999991,jazz,2,0.6949968121390601
0.5,-0.35,jazz,4,0.9912791480460024
-0.17500000000000004,-0.125,jazz,3,0.5680627282902185
0.4750000000000001,0.625,jazz,0,0.995608557989218
0.3500000000000001,-0.375,jazz,4,0.9638036492800421
-0.32499999999999996,-0.125,jazz,3,0.6028714690938702
0.575,0.19999999999999996,jazz,0,0.960062582439711
0.1499999999999999,0.32499999999999996,jazz,2,0.7344768017682138
-0.17500000000000004,0.0,jazz,3,0.7042132486964746
0.17500000000000004,0.32499999999999996,jazz,2,0.6726109119711885
-0.17500000000000004,-0.02499999999999991,jazz,3,0.6899029235627514
-0.575,-0.32499999999999996,jazz,1,0.8487254433791529
-0.2250000000000001,-0.02499999999999991,jazz,3,0.7531684729086482
0.125,0.30000000000000004,jazz,2,0.8083648749550849
0.30000000000000004,0.4750000000000001,jazz,0,0.8838681113504424
-0.32499999999999996,-0.25,jazz,1,0.5005186373055415
-0.10000000000000009,-0.1499999999999999,jazz,3,0.4488894090867045
0.2749999999999999,0.375,jazz,0,0.7171762986962037
-0.475,0.0,jazz,3,0.811605406542704
0.2749999999999999,0.125,jazz,2,0.6992163331414893
-0.19999999999999996,-0.85,jazz,1,0.9580068347037136
-0.32499999999999996,-0.10000000000000009,jazz,3,0.6614499312837053
-0.35,-0.02499999999999991,jazz,3,0.8016083785112006
0.02499999999999991,-0.1499999999999999,jazz,4,0.4421650197844622
-0.19999999999999996,-0.02499999999999991,jazz,3,0.7256824822997748
0.07499999999999996,0.17500000000000004,jazz,2,0.8758817688168826
0.2250000000000001,0.44999999999999996,pop,0,0.6975882076590774
0.25,0.2749999999999999,pop,2,0.5333185290885608
-0.050000000000000044,0.2250000000000001,pop,2,0.7138742929881092
0.42500000000000004,0.2250000000000001,pop,0,0.8451351158952571
-0.375,0.125,pop,3,0.939895039828664
0.32499999999999996,0.625,pop,0,0.9709604816171399
0.050000000000000044,0.375,pop,2,0.8172762709473684
0.30000000000000004,0.0,pop,2,0.6979612084663708
-0.125,-0.07499999999999996,pop,3,0.567075910880559
-0.32499999999999996,-0.1499999999999999,pop,3,0.5402390460186973
-0.375,-0.125,pop,3,0.5834356438307517
0.30000000000000004,0.02499999999999991,pop,2,0.7076042138282357
-0.55,0.07499999999999996,pop,3,0.885279247447136
0.19999999999999996,0.30000000000000004,pop,2,0.6431702826889865
-0.02499999999999991,0.32499999999999996,pop,2,0.7790532217759062
0.55,-0.07499999999999996,pop,4,0.6105446112279552
-0.07499999999999996,0.17500000000000004,pop,2,0.6144631241965621
0.2749999999999999,0.32499999999999996,pop,0,0.6331754783280557
-0.275,0.050000000000000044,pop,3,0.85817442677587
0.55,0.10000000000000009,pop,0,0.8676040787390338
-0.575,-0.10000000000000009,pop,3,0.47767913688328506
-0.625,-0.19999999999999996,pop,1,0.6646460699886255
-0.7,-0.375,pop,1,0.9224549013851061
0.050000000000000044,0.02499999999999991,pop,2,0.7397701161950572
-0.02499999999999991,0.10000000000000009,pop,2,0.6865048725307781
0.375,0.2250000000000001,pop,0,0.7446206644396404
-0.2250000000000001,0.1499999999999999,pop,3,0.8222796427601672
-0.125,-0.125,pop,3,0.514326435443715
-0.42500000000000004,-0.375,pop,1,0.8304806443255915
0.4750000000000001,0.44999999999999996,pop,0,0.9832361632573732
-0.7,-0.375,pop,1,0.9224549013851061
0.3500000000000001,0.3999999999999999,pop,0,0.8913790939485102
-0.050000000000000044,0.375,pop,2,0.7174197257517095
-0.475,-0.17500000000000004,pop,1,0.4469871805787353
0.375,0.3999999999999999,pop,0,0.9188304902004495
-0.2250000000000001,-0.02499999999999991,pop,3,0.7531684729086482
0.30000000000000004,0.42500000000000004,pop,0,0.8382473074215708
0.2749999999999999,0.07499999999999996,pop,2,0.7431240882936369
0.125,0.2250000000000001,pop,2,0.8608266657215352
0.2250000000000001,0.44999999999999996,pop,0,0.6975882076590774
-0.25,0.17500000000000004,pop,3,0.8661740868523188
0.3500000000000001,0.3500000000000001,pop,0,0.8480934445892289
-0.050000000000000044,-0.050000000000000044,pop,3,0.40853543290046307
0.55,0.5,pop,0,0.9953876475604831
-0.2250000000000001,0.17500000000000004,pop,3,0.8214588002788678
-0.25,-0.07499999999999996,pop,3,0.7017525379401589
-0.675,-0.125,pop,1,0.5042279806191079
0.07499999999999996,0.2250000000000001,pop,2,0.8754913216637424
0.050000000000000044,0.30000000000000004,pop,2,0.8545967287108782
0.0,0.19999999999999996,pop,2,0.808456048988017
-0.07499999999999996,-0.17500000000000004,pop,4,0.40931691195857917
0.5249999999999999,0.17500000000000004,pop,0,0.9199347713037571
0.17500000000000004,-0.1499999999999999,pop,4,0.5008880388350133
-0.19999999999999996,-0.07499999999999996,pop,3,0.6682867997470737
-0.30000000000000004,-0.4,pop,1,0.7799712366407406
0.02499999999999991,-0.25,pop,4,0.5929170443172884
0.25,0.125,pop,2,0.75562996598819
-0.7,-0.575,pop,1,0.9776110325056998
-0.35,-0.475,pop,1,0.884922989050736
0.0,-0.1499999999999999,pop,4,0.42970668078776236
-0.125,-0.07499999999999996,pop,3,0.567075910880559
-0.525,-0.30000000000000004,pop,1,0.788626459694993
-0.525,-0.125,pop,3,0.46066256546790096
0.42500000000000004,0.1499999999999999,pop,0,0.7473102314445021
-0.02499999999999991,0.07499999999999996,pop,2,0.6555268164246972
-0.1499999999999999,-0.125,pop,3,0.5442213147181598
-0.35,0.02499999999999991,pop,3,0.8655105567817761
0.3999999999999999,0.42500000000000004,pop,0,0.9497019086991472
0.3500000000000001,0.5,pop,0,0.9465824012690076
0.17500000000000004,0.2250000000000001,pop,2,0.8006011779583571
-0.55,-0.10000000000000009,pop,3,0.5071055761434994
0.19999999999999996,0.02499999999999991,pop,2,0.8216517860972576
0.19999999999999996,0.375,pop,2,0.508518160426402
-0.6,-0.2250000000000001,pop,1,0.701934584086448
0.3500000000000001,0.25,pop,0,0.7203270126780172
-0.4,0.125,pop,3,0.942927485476588
0.44999999999999996,0.5,pop,0,0.9844329921193457
0.32499999999999996,-0.1499999999999999,pop,4,0.6299356741767526
0.32499999999999996,0.42500000000000004,rock,0,0.8779072394976405
0.1499999999999999,0.25,rock,2,0.8171443475565263
-0.02499999999999991,-0.30000000000000004,rock,4,0.5211417332976946
0.07499999999999996,0.050000000000000044,rock,2,0.8065536109776966
0.125,0.0,rock,2,0.7833876929994877
0.2250000000000001,0.10000000000000009,rock,2,0.81424730384655
0.02499999999999991,0.1499999999999999,rock,2,0.824126802364049
0.4750000000000001,0.55,rock,0,0.9921889547947902
-0.35,-0.07499999999999996,rock,3,0.711052048182418
-0.4,0.125,rock,3,0.942927485476588
-0.275,-0.525,rock,1,0.8844410708845857
0.575,-0.42500000000000004,rock,4,0.998069435895382
-0.02499999999999991,-0.17500000000000004,rock,4,0.45521437632291506
0.3500000000000001,0.125,rock,0,0.48773138858565646
0.07499999999999996,0.32499999999999996,rock,2,0.8386950798675954
0.5,-0.42500000000000004,rock,4,0.9945898911896419
0.2250000000000001,0.1499999999999999,rock,2,0.7817577266300775
0.17500000000000004,-0.19999999999999996,rock,4,0.6496803600442155
0.125,-0.02499999999999991,rock,2,0.7391983172999477
0.25,0.125,rock,2,0.75562996598819
0.5,0.3999999999999999,rock,0,0.9818643139899619
0.5249999999999999,-0.25,rock,4,0.9714862440377342
-0.050000000000000044,-0.42500000000000004,rock,1,0.5303229504817406
0.0,0.050000000000000044,rock,2,0.6812115548879216
0.2250000000000001,0.2749999999999999,rock,2,0.6116541284778669
0.10000000000000009,0.30000000000000004,rock,2,0.8371153705455678
-0.02499999999999991,0.17500000000000004,rock,2,0.7493710589725932
-0.25,0.125,rock,3,0.8613228653314985
0.0,-0.25,rock,4,0.5584870413297033
0.32499999999999996,0.375,rock,0,0.8303355231866444
-0.125,-0.02499999999999991,rock,3,0.5922844056254178
0.30000000000000004,0.3500000000000001,rock,0,0.7442884486099841
0.10000000000000009,-0.07499999999999996,rock,2,0.592900930695233
0.575,-0.19999999999999996,rock,4,0.953789682534463
0.30000000000000004,-0.575,rock,4,0.8973821651330786
0.55,0.2250000000000001,rock,0,0.95930651319393
-0.050000000000000044,-0.2250000000000001,rock,4,0.4779157207087583
0.5249999999999999,0.375,rock,0,0.9836905016754937
-0.675,-0.55,rock,1,0.9732511580837079
0.17500000000000004,0.2749999999999999,rock,2,0.7445222414720825
-0.19999999999999996,-0.32499999999999996,rock,1,0.5434821300829014
0.02499999999999991,0.125,rock,2,0.8091875925565051
-0.30000000000000004,0.1499999999999999,rock,3,0.917950888187999
-0.125,0.10000000000000009,rock,3,0.5636937388121317
-0.55,-0.07499999999999996,rock,3,0.5808006099222089
0.125,0.02499999999999991,rock,2,0.8175864233345835
0.30000000000000004,0.3500000000000001,rock,0,0.7442884486099841
0.675,0.675,rock,0,0.9997273213543174
0.1499999999999999,0.125,rock,2,0.873576556232504
0.6000000000000001,-0.4,rock,4,0.9984318197280024
0.6499999999999999,0.5,rock,0,0.9985654770596304
-0.55,-0.1499999999999999,rock,1,0.4513152735967393
-0.30000000000000004,-0.44999999999999996,rock,1,0.8380632397298199
0.3999999999999999,0.3999999999999999,rock,0,0.939652767682757
0.375,-0.10000000000000009,rock,4,0.508157692052208
-0.2250000000000001,-0.19999999999999996,rock,3,0.4351165043640749
0.30000000000000004,0.2250000000000001,rock,0,0.5255759470027714
0.575,-0.375,rock,4,0.9972706013893816
0.675,0.2749999999999999,rock,0,0.9914900969253758
-0.475,0.125,rock,3,0.9418789348101431
0.19999999999999996,-0.17500000000000004,rock,4,0.5954039246061518
0.42500000000000004,0.3999999999999999,rock,0,0.9552718226709322
-0.050000000000000044,0.32499999999999996,rock,2,0.7275646096948298
-0.275,0.2749999999999999,rock,3,0.9064100150290381
0.19999999999999996,-0.125,rock,2,0.49362250223450244
0.32499999999999996,-0.35,rock,4,0.9489075007063196
0.10000000000000009,0.2250000000000001,rock,2,0.873585777463643
0.32499999999999996,0.3500000000000001,rock,0,0.8014713559112824
0.25,0.2749999999999999,rock,2,0.5333185290885608
-0.475,-0.375,rock,1,0.8564088505693473
-0.1499999999999999,-0.30000000000000004,rock,1,0.4257858315177692
0.3999999999999999,0.07499999999999996,rock,0,0.5316245491466047
-0.07499999999999996,-0.65,rock,1,0.8346755017855451
0.25,0.42500000000000004,rock,0,0.727332685138961
0.3500000000000001,0.42500000000000004,rock,0,0.908660320419064
-0.2250000000000001,0.2250000000000001,rock,3,0.8185691245253964
0.44999999999999996,0.1499999999999999,rock,0,0.7991310734548454
-0.1499999999999999,-0.30000000000000004,blues/soul,1,0.4257858315177692
-0.125,-0.44999999999999996,blues/soul,1,0.6817392693506358
0.07499999999999996,-0.42500000000000004,blues/soul,4,0.6212149387991006
-0.30000000000000004,-0.07499999999999996,blues/soul,3,0.7143057379499902
0.10000000000000009,0.02499999999999991,blues/soul,2,0.800411786803767
-0.10000000000000009,-0.1499999999999999,blues/soul,3,0.4488894090867045
0.050000000000000044,0.10000000000000009,blues/soul,2,0.8245089901798158
0.25,0.10000000000000009,blues/soul,2,0.7750292748967861
-0.375,-0.32499999999999996,blues/soul,1,0.7206461221131409
0.375,0.375,blues/soul,0,0.9032497113689748
-0.125,-0.5,blues/soul,1,0.7491928829670784
-0.17500000000000004,-0.525,blues/soul,1,0.8224851869967114
-0.44999999999999996,-0.375,blues/soul,1,0.8440302099553089
-0.02499999999999991,-0.125,blues/soul,4,0.36880096505784316
0.2250000000000001,0.32499999999999996,blues/soul,2,0.521117832901609
-0.42500000000000004,-0.775,blues/soul,1,0.9802693417663666
-0.2250000000000001,-0.30000000000000004,blues/soul,1,0.5158066950816194
-0.32499999999999996,-0.625,blues/soul,1,0.9445538136915305
-0.17500000000000004,-0.55,blues/soul,1,0.8434679426839014
-0.4,-0.625,blues/soul,1,0.959030186225592
0.30000000000000004,-0.050000000000000044,blues/soul,2,0.6323186972084506
-0.42500000000000004,-0.42500000000000004,blues/soul,1,0.8793465185974234
-0.525,-0.675,blues/soul,1,0.9793347493876564
-0.44999999999999996,-0.525,blues/soul,1,0.9413715885020276
0.02499999999999991,0.2749999999999999,blues/soul,2,0.8473664325615153
-0.32499999999999996,-0.55,blues/soul,1,0.9180479840278025
-0.10000000000000009,-0.30000000000000004,blues/soul,4,0.399516546716095
-0.125,-0.050000000000000044,blues/soul,3,0.5831493784807557
-0.275,-0.125,blues/soul,3,0.6088058758498803
0.17500000000000004,0.050000000000000044,blues/soul,2,0.8470579821881828
-0.050000000000000044,0.0,blues/soul,2,0.45587753827592253
-0.42500000000000004,-0.2250000000000001,blues/soul,1,0.5376713857138877
0.07499999999999996,0.1499999999999999,blues/soul,2,0.8711044691444186
-0.42500000000000004,-0.55,blues/soul,1,0.944449385870838
-0.17500000000000004,-0.19999999999999996,blues/soul,3,0.4251061518167972
-0.050000000000000044,-0.5,blues/soul,1,0.6500643330416641
0.0,-0.1499999999999999,blues/soul,4,0.42970668078776236
0.0,-0.2250000000000001,blues/soul,4,0.5410919986628205
0.32499999999999996,-0.10000000000000009,blues/soul,2,0.4715950150626796
0.30000000000000004,0.07499999999999996,blues/soul,2,0.6889199377093707
0.1499999999999999,0.10000000000000009,blues/soul,2,0.8713271583066045
0.0,-0.17500000000000004,blues/soul,4,0.4756489329675457
-0.02499999999999991,0.0,blues/soul,2,0.5270156073512396
0.5249999999999999,0.2749999999999999,blues/soul,0,0.9645250471579325
-0.1499999999999999,-0.475,blues/soul,1,0.7453863733475196
0.1499999999999999,0.0,blues/soul,2,0.7954368849971567
0.07499999999999996,-0.1499999999999999,blues/soul,4,0.46181441781151455
0.0,0.42500000000000004,blues/soul,2,0.7737372306243435
0.07499999999999996,0.42500000000000004,blues/soul,2,0.7501346534194707
0.25,0.19999999999999996,blues/soul,2,0.6620759066125056
0.050000000000000044,0.07499999999999996,blues/soul,2,0.802843397074915
0.125,0.3999999999999999,blues/soul,2,0.6857539763233284
-0.125,0.32499999999999996,blues/soul,3,0.49609394155043257
-0.32499999999999996,0.32499999999999996,blues/soul,3,0.9571344698341312
-0.32499999999999996,0.32499999999999996,blues/soul,3,0.9571344698341312
-0.19999999999999996,0.0,blues/soul,3,0.7448684932774524
-0.07499999999999996,0.5249999999999999,blues/soul,2,0.5518255634514969
-0.25,0.19999999999999996,blues/soul,3,0.8669415772070264
-0.07499999999999996,0.625,blues/soul,3,0.5172603256792944
0.050000000000000044,0.2749999999999999,blues/soul,2,0.8613451646931781
0.375,0.30000000000000004,blues/soul,0,0.8395073186245896
-0.2250000000000001,-0.17500000000000004,blues/soul,3,0.49130662481627324
0.050000000000000044,0.3500000000000001,blues/soul,2,0.8326935993262281
0.050000000000000044,0.5249999999999999,blues/soul,2,0.6536547503729765
0.25,0.3500000000000001,blues/soul,0,0.599892504845444
0.2749999999999999,0.125,blues/soul,2,0.6992163331414893
-0.25,-0.4,blues/soul,1,0.7384899766437677
0.2250000000000001,0.07499999999999996,blues/soul,2,0.8203080494145513
-0.17500000000000004,0.1499999999999999,blues/soul,3,0.7006440640852809
0.050000000000000044,0.19999999999999996,blues/soul,2,0.8651848829959284
0.375,0.07499999999999996,blues/soul,2,0.4802655643986793
0.32499999999999996,0.125,blues/soul,2,0.5597191445711759
0.050000000000000044,-0.30000000000000004,blues/soul,4,0.6472816955763829
0.44999999999999996,0.3500000000000001,blues/soul,0,0.9519916696353897
0.3500000000000001,0.3999999999999999,blues/soul,0,0.8913790939485102
0.25,0.0,blues/soul,2,0.7648874215518318
0.3500000000000001,-0.050000000000000044,blues/soul,2,0.544432071322031
0.44999999999999996,0.25,blues/soul,0,0.9005783654749047
0.4750000000000001,0.1499999999999999,blues/soul,0,0.8413394641086852
0.25,0.0,blues/soul,2,0.7648874215518318
0.0,-0.375,blues/soul,4,0.5158758410803187
0.42500000000000004,0.3500000000000001,blues/soul,0,0.9355260272930124
0.2749999999999999,0.3999999999999999,blues/soul,0,0.7544810145170013
0.02499999999999991,-0.4,blues/soul,4,0.5416273071297452
0.2749999999999999,0.050000000000000044,blues/soul,2,0.7521431640446279
0.2250000000000001,-0.17500000000000004,blues/soul,4,0.6139140618364137
0.25,0.3500000000000001,blues/soul,0,0.599892504845444
0.575,0.3999999999999999,blues/soul,0,0.9925319788258045
0.3500000000000001,0.3999999999999999,blues/soul,0,0.8913790939485102
0.1499999999999999,0.3999999999999999,blues/soul,2,0.6186865048733332
0.17500000000000004,0.19999999999999996,blues/soul,2,0.822216759491256
0.19999999999999996,0.32499999999999996,blues/soul,2,0.6002144010507927
0.19999999999999996,0.25,blues/soul,2,0.7197116918481353
0.3500000000000001,0.32499999999999996,blues/soul,0,0.8215526681029167
0.30000000000000004,0.30000000000000004,blues/soul,0,0.664444912847127
-0.30000000000000004,-0.35,blues/soul,1,0.7007436345003122
0.125,0.10000000000000009,blues/soul,2,0.8724269647649227
0.44999999999999996,0.32499999999999996,blues/soul,0,0.9422864396590697
0.17500000000000004,0.2250000000000001,blues/soul,2,0.8006011779583571
0.32499999999999996,0.1499999999999999,blues/soul,2,0.5190272105219305
-0.32499999999999996,-0.65,electronic,1,0.95078986065823
-0.675,-0.125,classical,1,0.5042279806191079
-0.35,-0.375,electronic,1,0.7822905760185583
-0.19999999999999996,-0.1499999999999999,jazz,3,0.5373445091429191
-0.30000000000000004,-0.32499999999999996,classical,1,0.652195586053171
-0.5,-0.275,classical,1,0.7269659228837343
-0.5,-0.44999999999999996,classical,1,0.9210292498860676
-0.050000000000000044,-0.32499999999999996,classical,4,0.46445890392693817
-0.19999999999999996,-0.65,electronic,1,0.9135510780170621
0.02499999999999991,0.10000000000000009,rock,2,0.7895982102125485
-0.44999999999999996,-0.525,classical,1,0.9413715885020276
-0.475,-0.675,classical,1,0.9755384247693266
-0.4,-0.5,classical,1,0.9181731646681085
-0.4,-0.42500000000000004,electronic,1,0.8682343878669768
-0.1499999999999999,-0.275,classical,1,0.3694916534589344
0.17500000000000004,-0.5,classical,4,0.7548964279845297
-0.19999999999999996,-0.4,electronic,1,0.6893649409523124
-0.25,-0.775,electronic,1,0.9585425214729982
-0.4,-0.725,classical,1,0.9738110794393472
-0.4,-0.55,electronic,1,0.9389784954553946
-0.275,-0.675,electronic,1,0.9453844602505127
0.44999999999999996,0.10000000000000009,classical,0,0.7170544299446769
-0.475,-0.475,jazz,1,0.9269445426014598
0.10000000000000009,0.02499999999999991,electronic,2,0.800411786803767
-0.02499999999999991,-0.5,jazz,1,0.6093257965796663
-0.275,-0.44999999999999996,classical,1,0.8220464814645586
-0.4,-0.5,classical,1,0.9181731646681085
-0.32499999999999996,-0.575,blues/soul,1,0.9284332219702727
-0.375,-0.65,classical,1,0.9599340013983704
-0.30000000000000004,-0.475,electronic,1,0.8606284912340957
-0.125,-0.4,classical,1,0.5985799035337477
-0.10000000000000009,-0.4,classical,1,0.5632866432876289
0.0,-0.65,classical,1,0.7472250984184052
-0.2250000000000001,-0.725,pop,1,0.9439948402914102
-0.475,-0.575,electronic,1,0.9596622656865695
-0.125,-0.4,classical,1,0.5985799035337477
-0.17500000000000004,-0.19999999999999996,classical,3,0.4251061518167972
-0.1499999999999999,-0.32499999999999996,jazz,1,0.4812670753575392
0.02499999999999991,-0.625,classical,1,0.6822444095671798
0.2250000000000001,0.10000000000000009,electronic,2,0.81424730384655
-0.125,-0.35,pop,1,0.5009895988500358
-0.44999999999999996,-0.725,classical,1,0.978361935622724
-0.30000000000000004,0.02499999999999991,classical,3,0.852846045403248
-0.32499999999999996,-0.10000000000000009,classical,3,0.6614499312837053
-0.07499999999999996,-0.65,classical,1,0.8346755017855451
-0.6,-0.4,jazz,1,0.918162147766345
-0.10000000000000009,-0.35,electronic,1,0.465674782320852
-0.4,-0.5,classical,1,0.9181731646681085
-0.25,-0.6,classical,1,0.9132573471862505
-0.2250000000000001,-0.675,classical,1,0.9312618560960035
0.0,0.1499999999999999,rock,2,0.7844908200831453
0.2749999999999999,0.1499999999999999,classical,2,0.6671302184208816
-0.275,-0.625,classical,1,0.9312789836256071
-0.275,-0.1499999999999999,classical,3,0.55097153185938
-0.19999999999999996,-0.17500000000000004,classical,3,0.48548715460821645
0.5,0.1499999999999999,electronic,0,0.8747589328594684
0.4750000000000001,0.2749999999999999,electronic,0,0.9374513359431165
0.30000000000000004,0.30000000000000004,electronic,0,0.664444912847127
0.19999999999999996,0.25,electronic,2,0.7197116918481353
0.3500000000000001,0.10000000000000009,electronic,2,0.5213878136017229
-0.2250000000000001,-0.625,classical,1,0.913868568890759
-0.35,-0.30000000000000004,electronic,1,0.6476988414140372
0.30000000000000004,0.07499999999999996,classical,2,0.6889199377093707
-0.35,-0.475,classical,1,0.884922989050736
-0.375,-0.55,electronic,1,0.9328162280301074
-0.10000000000000009,-0.42500000000000004,folk/country,1,0.6077616981408225
-0.35,-0.55,classical,1,0.9258744170053205
-0.1499999999999999,-0.42500000000000004,classical,1,0.6735842844253461
-0.275,-0.55,electronic,1,0.899213612728959
-0.475,-0.725,classical,1,0.9802357164547735
-0.35,-0.775,electronic,1,0.9733364642420059
-0.275,-0.625,folk/country,1,0.9312789836256071
-0.17500000000000004,-0.25,classical,1,0.3407669387198719
-0.35,-0.42500000000000004,classical,1,0.8424969335480805
-0.32499999999999996,-0.4,electronic,1,0.7982143336758775
-0.02499999999999991,-0.575,classical,1,0.7074494294110658
0.050000000000000044,-0.42500000000000004,classical,4,0.5677575505948396
-0.02499999999999991,-0.125,classical,4,0.36880096505784316
-0.4,-0.2250000000000001,classical,1,0.5116697831260092
-0.42500000000000004,-0.6,classical,1,0.9577014922760607
-0.32499999999999996,-0.1499999999999999,classical,3,0.5402390460186973
-0.575,-0.7,electronic,1,0.9840849298899706
-0.32499999999999996,-0.44999999999999996,classical,1,0.852528319486037
-0.19999999999999996,-0.675,classical,1,0.9224918447475788
0.30000000000000004,-0.050000000000000044,classical,2,0.6323186972084506
-0.32499999999999996,-0.775,classical,1,0.9703573423089423
-0.1499999999999999,-0.2250000000000001,electronic,3,0.36698661504090074
-0.07499999999999996,-0.42500000000000004,classical,1,0.5704665302398508
-0.050000000000000044,-0.44999999999999996,classical,1,0.5730289237139838
-0.375,-0.7,classical,1,0.9679453824101848
-0.1499999999999999,-0.6,pop,1,0.8613111169471085
-0.32499999999999996,-0.525,folk/country,1,0.9056921407561249
-0.1499999999999999,-0.275,folk/country,1,0.3694916534589344
-0.4,-0.625,folk/country,1,0.959030186225592
-0.19999999999999996,-0.25,classical,1,0.3675663033148522
-0.30000000000000004,-0.575,classical,1,0.9206035261582816
-0.275,-0.55,classical,1,0.899213612728959
-0.375,-0.8,classical,1,0.9778541161075451
-0.125,-0.375,electronic,1,0.551370574873941
-0.44999999999999996,-0.35,classical,1,0.8140368077880226
0.25,0.125,rock,2,0.75562996598819
-0.2250000000000001,-0.575,folk/country,1,0.8900393188673101
-0.25,-0.4,folk/country,1,0.7384899766437677
0.3999999999999999,0.125,folk/country,0,0.6388238196258615
0.25,0.17500000000000004,folk/country,2,0.6983019478503227
0.02499999999999991,0.19999999999999996,folk/country,2,0.8425316079028421
-0.07499999999999996,-0.4,pop,1,0.5254722689814489
0.30000000000000004,-0.10000000000000009,folk/country,2,0.5067406462481898
-0.1499999999999999,-0.575,folk/country,1,0.8440760399046519
-0.30000000000000004,-0.65,folk/country,1,0.9452434049383838
0.125,-0.07499999999999996,folk/country,2,0.6188100451689289
-0.375,-0.575,folk/country,1,0.9414594235011866
-0.475,-0.55,folk/country,1,0.953603338188137
0.30000000000000004,0.07499999999999996,folk/country,2,0.6889199377093707
0.30000000000000004,0.1499999999999999,folk/country,2,0.5958190588380422
0.125,0.07499999999999996,folk/country,2,0.8608763523820694
-0.275,-0.6,folk/country,1,0.9223017232122014
-0.275,-0.2250000000000001,folk/country,1,0.38281423423114325
-0.17500000000000004,-0.7,folk/country,1,0.9208838565565794
-0.35,-0.7,folk/country,1,0.9644908055502344
0.10000000000000009,0.07499999999999996,folk/country,2,0.8502113889042787
-0.2250000000000001,-0.44999999999999996,folk/country,1,0.7846151945144829
-0.10000000000000009,0.1499999999999999,rock,2,0.5106741292355185
0.30000000000000004,0.44999999999999996,electronic,0,0.862644622439041
-0.4,-0.10000000000000009,folk/country,3,0.6347942293566554
-0.275,-0.30000000000000004,folk/country,1,0.5713243637754105
-0.07499999999999996,0.17500000000000004,blues/soul,2,0.6144631241965621
0.10000000000000009,-0.42500000000000004,folk/country,4,0.673355414457018
0.050000000000000044,-0.17500000000000004,folk/country,4,0.5101596704274259
0.07499999999999996,-0.32499999999999996,folk/country,4,0.686553855492233
0.125,0.375,rock,2,0.7219561892804862
0.4750000000000001,0.32499999999999996,folk/country,0,0.9569368736248577
0.125,-0.050000000000000044,folk/country,2,0.6842771010637226
-0.10000000000000009,-0.5,folk/country,1,0.719846500566684
-0.02499999999999991,0.19999999999999996,folk/country,2,0.7620209382108456
-0.125,-0.02499999999999991,folk/country,3,0.5922844056254178
-0.2250000000000001,-0.42500000000000004,folk/country,1,0.7521980877733484
0.125,0.02499999999999991,rock,2,0.8175864233345835
0.32499999999999996,0.42500000000000004,folk/country,0,0.8779072394976405
-0.575,-0.6,folk/country,1,0.9743295739638417
-0.2250000000000001,-0.32499999999999996,folk/country,1,0.5725959408065394
-0.07499999999999996,-0.17500000000000004,folk/country,4,0.40931691195857917
0.19999999999999996,0.17500000000000004,rock,2,0.8038844959991207
-0.10000000000000009,-0.32499999999999996,rock,1,0.41398158425692994
0.3500000000000001,0.07499999999999996,folk/country,2,0.5547646874673681
-0.125,-0.475,folk/country,1,0.7173944623176021
-0.1499999999999999,0.32499999999999996,blues/soul,3,0.5876889858631931
-0.32499999999999996,-0.5,folk/country,1,0.8909732621543484
0.02499999999999991,0.1499999999999999,rock,2,0.824126802364049
0.5,0.6000000000000001,rock,0,0.9960875819576868
0.4750000000000001,0.32499999999999996,folk/country,0,0.9569368736248577
0.050000000000000044,0.02499999999999991,rock,2,0.7397701161950572
-0.2250000000000001,-0.5,rock,1,0.8367136277966316
-0.07499999999999996,0.30000000000000004,folk/country,2,0.6616853113383803
-0.4,-0.75,folk/country,1,0.9762107632827213
0.17500000000000004,0.125,folk/country,2,0.8594624953057179
0.0,-0.30000000000000004,folk/country,4,0.5638581984955999
0.17500000000000004,0.1499999999999999,rock,2,0.8518787040432386
-0.35,-0.55,pop,1,0.9258744170053205
0.55,0.375,rock,0,0.9878454408760017
-0.30000000000000004,-0.475,folk/country,1,0.8606284912340957
-0.125,-0.050000000000000044,folk/country,3,0.5831493784807557
0.19999999999999996,0.02499999999999991,folk/country,2,0.8216517860972576
-0.10000000000000009,-0.35,folk/country,1,0.465674782320852
0.19999999999999996,0.125,folk/country,2,0.8355697473886313
0.1499999999999999,0.02499999999999991,blues/soul,2,0.8267469467013906
-0.125,-0.32499999999999996,folk/country,1,0.44821165682873054
0.07499999999999996,-0.32499999999999996,folk/country,4,0.686553855492233
-0.375,-0.1499999999999999,folk/country,3,0.5166838688900316
-0.10000000000000009,0.07499999999999996,rock,3,0.49627183067241326
-0.10000000000000009,-0.07499999999999996,folk/country,3,0.5193130216295414
-0.25,-0.44999999999999996,folk/country,1,0.8042986281703429
-0.050000000000000044,0.1499999999999999,rock,2,0.6690935886076577
0.25,0.10000000000000009,folk/country,2,0.7750292748967861
-0.375,-0.55,folk/country,1,0.9328162280301074
-0.050000000000000044,0.125,pop,2,0.6459898626191876
-0.525,-0.7,folk/country,1,0.9814921885673407
0.02499999999999991,-0.2250000000000001,folk/country,4,0.570636464397367
0.1499999999999999,-0.19999999999999996,rock,4,0.63233276042543
0.2250000000000001,0.10000000000000009,folk/country,2,0.81424730384655
0.10000000000000009,-0.125,folk/country,2,0.43937923553121533
0.44999999999999996,0.3500000000000001,rock,0,0.9519916696353897
-0.42500000000000004,0.050000000000000044,rock,3,0.8900067963504125
0.32499999999999996,0.3999999999999999,electronic,0,0.8557473034854242
0.02499999999999991,-0.02499999999999991,rock,2,0.5952139322818598
-0.30000000000000004,-0.5,folk/country,1,0.8796624849976286
-0.125,-0.17500000000000004,folk/country,3,0.43966464646103465
0.050000000000000044,-0.4,folk/country,4,0.5935436027763495
0.0,-0.1499999999999999,folk/country,4,0.42970668078776236
0.3999999999999999,0.3999999999999999,folk/country,0,0.939652767682757
-0.35,-0.625,folk/country,1,0.9500015990155625
0.1499999999999999,0.050000000000000044,folk/country,2,0.8489682076623886
0.17500000000000004,0.02499999999999991,folk/country,2,0.8281311154734424
0.2250000000000001,0.125,folk/country,2,0.8011308445419673
0.4750000000000001,0.3500000000000001,folk/country,0,0.9642993974601253
0.0,0.2250000000000001,folk/country,2,0.8153871073483625
-0.050000000000000044,-0.32499999999999996,folk/country,4,0.46445890392693817
0.4750000000000001,0.1499999999999999,folk/country,0,0.8413394641086852
-0.125,-0.07499999999999996,folk/country,3,0.567075910880559
0.25,-0.125,folk/country,2,0.47567569108437635
-0.1499999999999999,-0.55,electronic,1,0.8242138963076032
-0.1499999999999999,-0.30000000000000004,electronic,1,0.4257858315177692
0.2749999999999999,0.375,rock,0,0.7171762986962037
0.050000000000000044,0.32499999999999996,rock,2,0.8450836319408122
-0.07499999999999996,0.30000000000000004,electronic,2,0.6616853113383803
0.07499999999999996,0.07499999999999996,electronic,2,0.8310949298924892
0.02499999999999991,0.10000000000000009,rock,2,0.7895982102125485
0.19999999999999996,0.07499999999999996,electronic,2,0.8436934842096895
0.375,0.6000000000000001,electronic,0,0.9814211977648881
0.02499999999999991,-0.1499999999999999,electronic,4,0.4421650197844622
-0.2250000000000001,-0.375,rock,1,0.6726175287722173
0.07499999999999996,-0.25,rock,4,0.6559436734177004
-0.19999999999999996,-0.5,electronic,1,0.8186500765283377
-0.2250000000000001,-0.2250000000000001,rock,3,0.3797225375395687
0.5,0.3500000000000001,electronic,0,0.9734467496872203
0.050000000000000044,-0.25,electronic,4,0.6255320557224403
0.07499999999999996,0.30000000000000004,electronic,2,0.85242553255832
-0.050000000000000044,-0.17500000000000004,rock,4,0.4329228708753361
0.375,0.1499999999999999,electronic,0,0.6155048307342971
-0.30000000000000004,0.375,electronic,3,0.9420486856816397
-0.125,0.17500000000000004,electronic,3,0.5268576048593717
0.375,0.125,rock,0,0.5655186649716573
0.125,0.0,electronic,2,0.7833876929994877
0.2749999999999999,0.42500000000000004,electronic,0,0.788306395683004
0.2250000000000001,0.19999999999999996,rock,2,0.7266997730076625
0.2749999999999999,0.0,electronic,2,0.736080281190119
0.125,-0.55,electronic,4,0.59225362442065
-0.1499999999999999,-0.575,electronic,1,0.8440760399046519
0.07499999999999996,-0.19999999999999996,electronic,4,0.5794462572576693
0.17500000000000004,0.55,electronic,0,0.7130453612679623
0.07499999999999996,-0.1499999999999999,electronic,4,0.46181441781151455
-0.625,-0.675,electronic,1,0.9843582865348628
-0.125,0.17500000000000004,rock,3,0.5268576048593717
-0.30000000000000004,0.7,electronic,3,0.9851736001189448
0.10000000000000009,0.1499999999999999,rock,2,0.8801452632703928
-0.35,-0.575,electronic,1,0.9353458378193779
0.0,0.375,electronic,2,0.8001667502471238
0.30000000000000004,0.3500000000000001,electronic,0,0.7442884486099841
0.55,0.44999999999999996,rock,0,0.9932106388842755
0.3500000000000001,0.17500000000000004,rock,0,0.5881457655543119
-0.375,-0.44999999999999996,electronic,1,0.8774037018136726
0.375,0.3500000000000001,electronic,0,0.885038411183748
0.25,0.10000000000000009,electronic,2,0.7750292748967861
0.32499999999999996,0.125,electronic,2,0.5597191445711759
-0.125,-0.525,electronic,1,0.7773476799334673
0.375,0.1499999999999999,electronic,0,0.6155048307342971
-0.10000000000000009,-0.25,electronic,4,0.41637015959039547
0.19999999999999996,0.32499999999999996,rock,2,0.6002144010507927
0.050000000000000044,0.050000000000000044,rock,2,0.7749235656964583
-0.25,-0.6,electronic,1,0.9132573471862505
0.32499999999999996,0.2250000000000001,electronic,0,0.6054850913253055
0.42500000000000004,0.3500000000000001,electronic,0,0.9355260272930124
0.07499999999999996,0.3500000000000001,electronic,2,0.8217453120068834
-0.10000000000000009,-0.75,electronic,1,0.9020807661075814
0.32499999999999996,-0.30000000000000004,electronic,4,0.9258948189358739
0.050000000000000044,0.050000000000000044,electronic,2,0.7749235656964583
-0.125,0.25,electronic,3,0.5014083133316749
0.25,0.25,rock,2,0.578683155940747
-0.35,-0.4,electronic,1,0.8149591593891307
0.125,-0.525,electronic,4,0.6215647038357179
-0.1499999999999999,-0.625,rock,1,0.8762425370682472
-0.1499999999999999,0.10000000000000009,rock,3,0.6421508316757272
0.02499999999999991,-0.35,rock,4,0.5854091289646334
-0.17500000000000004,0.30000000000000004,electronic,3,0.6740653486004775
0.375,0.3500000000000001,electronic,0,0.885038411183748
0.10000000000000009,0.32499999999999996,electronic,2,0.8181780892486632
0.5249999999999999,0.55,electronic,0,0.9957606474318791
-0.4,-0.42500000000000004,electronic,1,0.8682343878669768
0.44999999999999996,0.3999999999999999,electronic,0,0.9668980519094013
-0.17500000000000004,-0.2250000000000001,electronic,3,0.37509227073777107
0.17500000000000004,0.10000000000000009,electronic,2,0.8616731196983338
-0.050000000000000044,0.050000000000000044,electronic,2,0.5471600561919835
0.3999999999999999,0.17500000000000004,electronic,0,0.7281993467861176
0.25,-0.2250000000000001,electronic,4,0.7695292226291007
0.1499999999999999,0.1499999999999999,electronic,2,0.8708675486969885
0.5,0.3999999999999999,electronic,0,0.9818643139899619
-0.32499999999999996,-0.475,rock,1,0.8734296521850259
0.125,0.17500000000000004,rock,2,0.8774731618830903
0.19999999999999996,0.17500000000000004,electronic,2,0.8038844959991207
-0.2250000000000001,-0.125,rock,3,0.5984514458445692
0.2749999999999999,0.5249999999999999,electronic,0,0.8891810399167606
-0.050000000000000044,-0.07499999999999996,electronic,3,0.40999466284109
0.1499999999999999,-0.5,electronic,4,0.7043328538690989
0.19999999999999996,0.10000000000000009,electronic,2,0.8428991429621062
0.25,0.25,electronic,2,0.578683155940747
0.2250000000000001,0.0,electronic,2,0.7847613642588006
0.2749999999999999,-0.125,electronic,4,0.48730140933270394
0.44999999999999996,0.7,rock,0,0.9966305969986498
-0.19999999999999996,-0.42500000000000004,electronic,1,0.7284263655224716
0.2749999999999999,0.32499999999999996,electronic,0,0.6331754783280557
-0.17500000000000004,0.17500000000000004,electronic,3,0.6938196435189479
0.30000000000000004,0.42500000000000004,rock,0,0.8382473074215708
0.30000000000000004,-0.2250000000000001,electronic,4,0.8115782990916259
0.25,-0.2250000000000001,electronic,4,0.7695292226291007
-0.07499999999999996,-0.375,rock,1,0.4780419173153772
0.2749999999999999,0.25,rock,2,0.49902362443372955
-0.17500000000000004,-0.42500000000000004,electronic,1,0.7022912744391686
0.4750000000000001,0.6499999999999999,rock,0,0.9963765560025746
0.2749999999999999,0.3500000000000001,electronic,0,0.6766127507220593
0.1499999999999999,0.19999999999999996,rock,2,0.8522225989241147
0.19999999999999996,0.07499999999999996,rock,2,0.8436934842096895
0.1499999999999999,-0.625,electronic,4,0.5655723374680427
0.1499999999999999,0.02499999999999991,pop,2,0.8267469467013906
-0.30000000000000004,-0.575,rock,1,0.9206035261582816
-0.32499999999999996,-0.7,rock,1,0.9605546849062708
-0.275,-0.32499999999999996,rock,1,0.6269247708636357
-0.35,-0.30000000000000004,folk/country,1,0.6476988414140372
-0.19999999999999996,0.0,pop,3,0.7448684932774524
-0.02499999999999991,-0.32499999999999996,rock,4,0.5086708329207243
0.25,-0.1499999999999999,rock,4,0.5522335823885355
-0.275,-0.575,rock,1,0.9117145433350374
-0.10000000000000009,-0.44999999999999996,rock,1,0.6487703827832628
-0.17500000000000004,-0.2250000000000001,rock,3,0.37509227073777107
-0.32499999999999996,-0.25,rock,1,0.5005186373055415
0.17500000000000004,-0.07499999999999996,folk/country,2,0.6461823361171805
-0.1499999999999999,-0.575,folk/country,1,0.8440760399046519
-0.10000000000000009,-0.65,folk/country,1,0.8558059717618429
-0.17500000000000004,-0.30000000000000004,folk/country,1,0.45667495972848937
-0.32499999999999996,-0.625,folk/country,1,0.9445538136915305
-0.050000000000000044,-0.475,folk/country,1,0.6130277815653847
-0.19999999999999996,-0.44999999999999996,folk/country,1,0.762767753337874
-0.2250000000000001,-0.55,rock,1,0.8749806677981331
-0.19999999999999996,0.125,rock,3,0.770633933633044
-0.125,-0.375,rock,1,0.551370574873941
0.02499999999999991,0.050000000000000044,rock,2,0.7333233805187389
0.3999999999999999,0.3500000000000001,pop,0,0.9136805588793959
0.0,-0.02499999999999991,pop,2,0.5374242402307954
-0.07499999999999996,-0.375,pop,1,0.4780419173153772
-0.5,-0.675,pop,1,0.9775620872552849
-0.10000000000000009,-0.44999999999999996,pop,1,0.6487703827832628
-0.2250000000000001,-0.2250000000000001,folk/country,3,0.3797225375395687
-0.32499999999999996,-0.6,rock,1,0.9371771673217366
-0.25,-0.35,folk/country,1,0.6518588211577014
-0.32499999999999996,-0.55,folk/country,1,0.9180479840278025
-0.35,0.07499999999999996,rock,3,0.9076801988710201
-0.07499999999999996,-0.30000000000000004,pop,4,0.43820855475113313
0.02499999999999991,-0.125,rock,4,0.3850027019168968
-0.35,-0.525,folk/country,1,0.9145758447759321
-0.2250000000000001,-0.525,folk/country,1,0.8573448950241642
0.02499999999999991,-0.02499999999999991,rock,2,0.5952139322818598
0.0,-0.25,rock,4,0.5584870413297033
0.07499999999999996,-0.55,pop,1,0.48613148436180087
0.19999999999999996,-0.525,pop,4,0.7807602121276721
-0.10000000000000009,-0.475,pop,1,0.6861362470945217
0.02499999999999991,-0.35,pop,4,0.5854091289646334
0.19999999999999996,-0.44999999999999996,pop,4,0.8332937113336788
-0.1499999999999999,-0.2250000000000001,rock,3,0.36698661504090074
-0.1499999999999999,-0.1499999999999999,rock,3,0.5039444845335385
-0.10000000000000009,-0.2250000000000001,folk/country,4,0.4139442914407993
0.17500000000000004,0.0,pop,2,0.7996995137422819
0.02499999999999991,-0.050000000000000044,pop,2,0.5341872557820863
-0.19999999999999996,-0.275,pop,1,0.4275114582842076
-0.25,-0.30000000000000004,rock,1,0.5440184552722516
0.050000000000000044,-0.35,pop,4,0.6328789285433248
-0.2250000000000001,-0.19999999999999996,folk/country,3,0.4351165043640749
-0.17500000000000004,-0.7,folk/country,1,0.9208838565565794
0.10000000000000009,-0.050000000000000044,folk/country,2,0.6595095737799086
-0.19999999999999996,-0.07499999999999996,folk/country,3,0.6682867997470737
0.10000000000000009,0.02499999999999991,other,2,0.800411786803767
-0.050000000000000044,-0.275,folk/country,4,0.48682237682611124
0.07499999999999996,-0.19999999999999996,folk/country,4,0.5794462572576693
-0.050000000000000044,-0.275,folk/country,4,0.48682237682611124
-0.42500000000000004,-0.5,folk/country,1,0.925384314840778
-0.050000000000000044,-0.1499999999999999,rock,4,0.3981149265759949
0.050000000000000044,-0.32499999999999996,rock,4,0.6438962275052347
0.2749999999999999,-0.125,folk/country,4,0.48730140933270394
-0.25,-0.19999999999999996,folk/country,3,0.4342091861208536
-0.32499999999999996,-0.75,rock,1,0.9676028059422757
-0.475,-0.44999999999999996,rock,1,0.9140863268221101
0.02499999999999991,-0.44999999999999996,rock,4,0.48509640155351474
0.575,0.44999999999999996,rock,0,0.9949494298516496
0.0,0.050000000000000044,folk/country,2,0.6812115548879216
0.2749999999999999,0.25,folk/country,2,0.49902362443372955
0.3999999999999999,0.3500000000000001,folk/country,0,0.9136805588793959
-0.17500000000000004,-0.44999999999999996,pop,1,0.738508734156211
-0.125,0.02499999999999991,pop,3,0.5923944693217401
0.02499999999999991,-0.125,rock,4,0.3850027019168968
0.02499999999999991,-0.375,pop,4,0.5657099176725569
0.0,0.02499999999999991,pop,2,0.6401596978871252
-0.050000000000000044,0.07499999999999996,rock,2,0.5852787804552376
-0.275,-0.32499999999999996,pop,1,0.6269247708636357
-0.17500000000000004,-0.4,folk/country,1,0.6615313476535182
-0.275,-0.30000000000000004,folk/country,1,0.5713243637754105
-0.1499999999999999,-0.30000000000000004,folk/country,1,0.4257858315177692
-0.07499999999999996,-0.30000000000000004,folk/country,4,0.43820855475113313
-0.32499999999999996,-0.525,folk/country,1,0.9056921407561249
-0.17500000000000004,-0.65,electronic,1,0.9022921896207724
-0.02499999999999991,-0.275,folk/country,4,0.5262776248626787
-0.02499999999999991,-0.10000000000000009,rock,3,0.35292734560662475
-0.30000000000000004,-0.475,folk/country,1,0.8606284912340957
-0.050000000000000044,0.050000000000000044,folk/country,2,0.5471600561919835
-0.42500000000000004,-0.55,pop,1,0.944449385870838
-0.25,0.2749999999999999,folk/country,3,0.8680893564383191
-0.02499999999999991,-0.30000000000000004,folk/country,4,0.5211417332976946
-0.1499999999999999,-0.275,folk/country,1,0.3694916534589344
0.2749999999999999,0.19999999999999996,pop,2,0.5887700396807702
-0.1499999999999999,-0.35,rock,1,0.5346289403613402
-0.050000000000000044,-0.30000000000000004,rock,4,0.4789789506411968
-0.050000000000000044,-0.125,folk/country,3,0.3931144523533714
-0.30000000000000004,-0.44999999999999996,rock,1,0.8380632397298199
0.0,-0.02499999999999991,hip-hop,2,0.5374242402307954
0.55,0.5,hip-hop,0,0.9953876475604831
0.2250000000000001,-0.2250000000000001,hip-hop,4,0.7490858507630958
0.25,0.2250000000000001,hip-hop,2,0.621912006439084
-0.19999999999999996,-0.02499999999999991,hip-hop,3,0.7256824822997748
0.0,-0.050000000000000044,hip-hop,2,0.476971004825566
0.125,0.17500000000000004,hip-hop,2,0.8774731618830903
0.2250000000000001,0.07499999999999996,hip-hop,2,0.8203080494145513
0.2250000000000001,0.10000000000000009,hip-hop,2,0.81424730384655
-0.2250000000000001,0.1499999999999999,hip-hop,3,0.8222796427601672
0.125,0.1499999999999999,hip-hop,2,0.8801129041952418
-0.30000000000000004,0.050000000000000044,hip-hop,3,0.8732323521339852
0.2749999999999999,0.32499999999999996,hip-hop,0,0.6331754783280557
-0.10000000000000009,0.10000000000000009,hip-hop,3,0.481559836015088
-0.1499999999999999,-0.050000000000000044,hip-hop,3,0.6301495112407384
0.1499999999999999,-0.02499999999999991,hip-hop,2,0.7537439297066422
0.25,0.0,hip-hop,2,0.7648874215518318
0.2749999999999999,0.32499999999999996,hip-hop,0,0.6331754783280557
0.0,0.1499999999999999,hip-hop,2,0.7844908200831453
0.07499999999999996,0.07499999999999996,hip-hop,2,0.8310949298924892
-0.050000000000000044,-0.02499999999999991,hip-hop,2,0.4040967006283354
0.050000000000000044,0.17500000000000004,hip-hop,2,0.860623408621552
0.4750000000000001,-0.050000000000000044,hip-hop,4,0.41456740963188354
0.1499999999999999,-0.1499999999999999,hip-hop,4,0.4891234439522222
-0.125,-0.125,hip-hop,3,0.514326435443715
0.2250000000000001,0.2250000000000001,hip-hop,2,0.6920958225153555
-0.125,-0.07499999999999996,hip-hop,3,0.567075910880559
0.125,-0.10000000000000009,hip-hop,2,0.5443755807692618
0.10000000000000009,0.17500000000000004,hip-hop,2,0.8814476520595379
0.30000000000000004,-0.19999999999999996,hip-hop,4,0.7540131495130156
0.02499999999999991,-0.050000000000000044,hip-hop,2,0.5341872557820863
0.19999999999999996,0.1499999999999999,hip-hop,2,0.8223990774382244
0.050000000000000044,0.07499999999999996,hip-hop,2,0.802843397074915
0.17500000000000004,0.17500000000000004,hip-hop,2,0.8393689329253327
0.10000000000000009,0.07499999999999996,hip-hop,2,0.8502113889042787
-0.050000000000000044,-0.4,hip-hop,1,0.4853177043680595
0.2250000000000001,-0.4,hip-hop,4,0.8829477192808731
0.32499999999999996,-0.07499999999999996,hip-hop,2,0.5383989495501785
-0.1499999999999999,-0.07499999999999996,hip-hop,3,0.6081153289916056
0.17500000000000004,0.02499999999999991,hip-hop,2,0.8281311154734424
0.050000000000000044,-0.10000000000000009,hip-hop,2,0.4441665954582701
0.125,0.125,hip-hop,2,0.8785980817787589
0.2749999999999999,0.10000000000000009,hip-hop,2,0.7249870143870518
0.3500000000000001,0.10000000000000009,hip-hop,2,0.5213878136017229
-0.050000000000000044,-0.050000000000000044,hip-hop,3,0.40853543290046307
0.07499999999999996,-0.1499999999999999,hip-hop,4,0.46181441781151455
-0.25,0.19999999999999996,hip-hop,3,0.8669415772070264
-0.10000000000000009,-0.32499999999999996,hip-hop,1,0.41398158425692994
-0.02499999999999991,0.050000000000000044,hip-hop,2,0.6187280734135145
-0.050000000000000044,-0.32499999999999996,hip-hop,4,0.46445890392693817
0.1499999999999999,0.10000000000000009,hip-hop,2,0.8713271583066045
0.1499999999999999,0.1499999999999999,hip-hop,2,0.8708675486969885
0.1499999999999999,0.2250000000000001,hip-hop,2,0.8367007064447562
0.19999999999999996,-0.125,hip-hop,2,0.49362250223450244
-0.1499999999999999,-0.525,hip-hop,1,0.8013794502515811
-0.07499999999999996,0.2749999999999999,hip-hop,2,0.6588273778145087
0.125,0.32499999999999996,hip-hop,2,0.7833697736231064
-0.4,0.2250000000000001,hip-hop,3,0.9731123429940821
0.19999999999999996,0.050000000000000044,hip-hop,2,0.8370114564215484
0.050000000000000044,0.050000000000000044,hip-hop,2,0.7749235656964583
0.0,0.25,hip-hop,2,0.8193958615185262
-0.050000000000000044,0.32499999999999996,hip-hop,2,0.7275646096948298
0.02499999999999991,0.17500000000000004,hip-hop,2,0.8350682631494494
0.2749999999999999,0.3500000000000001,hip-hop,0,0.6766127507220593
-0.10000000000000009,-0.02499999999999991,hip-hop,3,0.5321623920933567
0.30000000000000004,0.07499999999999996,hip-hop,2,0.6889199377093707
-0.25,0.0,hip-hop,3,0.7997999728276548
0.10000000000000009,0.25,hip-hop,2,0.8647229351073041
0.1499999999999999,0.19999999999999996,hip-hop,2,0.8522225989241147
0.050000000000000044,-0.10000000000000009,hip-hop,2,0.4441665954582701
-0.1499999999999999,0.4750000000000001,hip-hop,3,0.646087259060607
0.125,0.0,hip-hop,2,0.7833876929994877
-0.02499999999999991,-0.35,hip-hop,4,0.4902501152082184
0.2250000000000001,0.10000000000000009,hip-hop,2,0.81424730384655
0.050000000000000044,0.02499999999999991,hip-hop,2,0.7397701161950572
0.10000000000000009,-0.275,hip-hop,4,0.7089168564156371
0.050000000000000044,-0.07499999999999996,hip-hop,2,0.5166906318422437
0.2250000000000001,-0.050000000000000044,hip-hop,2,0.702724420115868
0.19999999999999996,-0.02499999999999991,hip-hop,2,0.7593145015898051
0.2749999999999999,0.050000000000000044,hip-hop,2,0.7521431640446279
0.375,0.2749999999999999,hip-hop,0,0.8116295062615809
0.2250000000000001,0.10000000000000009,hip-hop,2,0.81424730384655
0.1499999999999999,0.050000000000000044,hip-hop,2,0.8489682076623886
-0.02499999999999991,-0.10000000000000009,hip-hop,3,0.35292734560662475
0.0,-0.275,hip-hop,4,0.5657784016479036
-0.17500000000000004,0.0,hip-hop,3,0.7042132486964746
0.0,0.125,hip-hop,2,0.7665234577802179
-0.02499999999999991,0.19999999999999996,hip-hop,2,0.7620209382108456
0.19999999999999996,0.2749999999999999,hip-hop,2,0.683200912723331
-0.19999999999999996,0.30000000000000004,hip-hop,3,0.7521814505181852
0.2250000000000001,-0.07499999999999996,hip-hop,2,0.6418039056000162
0.2749999999999999,0.3500000000000001,hip-hop,0,0.6766127507220593
-0.07499999999999996,-0.375,hip-hop,1,0.4780419173153772
0.1499999999999999,0.10000000000000009,hip-hop,2,0.8713271583066045
0.1499999999999999,0.2250000000000001,hip-hop,2,0.8367007064447562
0.125,0.02499999999999991,hip-hop,2,0.8175864233345835
0.125,0.0,hip-hop,2,0.7833876929994877
-0.17500000000000004,0.125,hip-hop,3,0.7071430232515281
-0.35,-0.2250000000000001,hip-hop,1,0.45956735001791926
0.1499999999999999,0.1499999999999999,hip-hop,2,0.8708675486969885
0.0,0.07499999999999996,electronic,2,0.7155642670273955
0.0,-0.32499999999999996,folk/country,4,0.5539672721787221
0.10000000000000009,-0.275,folk/country,4,0.7089168564156371
-0.125,-0.35,folk/country,1,0.5009895988500358
0.1499999999999999,-0.25,folk/country,4,0.7338017030666302
0.1499999999999999,-0.02499999999999991,other,2,0.7537439297066422
-0.125,-0.5,folk/country,1,0.7491928829670784
-0.125,0.5,rock,3,0.5751060791187593
0.3500000000000001,0.375,rock,0,0.871285026497167
0.3500000000000001,-0.2250000000000001,folk/country,4,0.853415679704529
0.17500000000000004,0.30000000000000004,rock,2,0.7104054531900194
-0.30000000000000004,-0.475,rock,1,0.8606284912340957
0.30000000000000004,0.3999999999999999,rock,0,0.8104627665879864
0.3999999999999999,-0.10000000000000009,folk/country,4,0.5401090410654253
0.17500000000000004,-0.10000000000000009,pop,2,0.5725134154027297
-0.050000000000000044,0.125,pop,2,0.6459898626191876
0.2749999999999999,0.2250000000000001,electronic,2,0.5447635363837481
0.2749999999999999,-0.275,pop,4,0.8718815638919071
0.050000000000000044,0.07499999999999996,pop,2,0.802843397074915
0.32499999999999996,0.17500000000000004,rock,0,0.5088336682103216
0.2749999999999999,0.25,rock,2,0.49902362443372955
0.25,0.2250000000000001,rock,2,0.621912006439084
0.1499999999999999,0.07499999999999996,electronic,2,0.8634360995083168
0.17500000000000004,0.3500000000000001,electronic,2,0.6315764229061938
-0.02499999999999991,-0.1499999999999999,other,4,0.4150053369773742
0.2749999999999999,0.25,electronic,2,0.49902362443372955
-0.1499999999999999,-0.275,rock,1,0.3694916534589344
-0.07499999999999996,-0.050000000000000044,rock,3,0.47004414646944725
0.3500000000000001,0.32499999999999996,rock,0,0.8215526681029167
0.25,0.10000000000000009,rock,2,0.7750292748967861
0.17500000000000004,-0.050000000000000044,other,2,0.7092656480550162
0.050000000000000044,-0.4,folk/country,4,0.5935436027763495
0.375,0.32499999999999996,rock,0,0.8638891822065528
0.125,0.2749999999999999,electronic,2,0.82956169382294
0.44999999999999996,0.2749999999999999,rock,0,0.916937936375299
-0.10000000000000009,0.050000000000000044,folk/country,3,0.5099182409652498
0.125,-0.35,pop,4,0.7623190875529633
0.2250000000000001,-0.275,other,4,0.8341651050066788
0.07499999999999996,0.07499999999999996,other,2,0.8310949298924892
0.3999999999999999,0.2749999999999999,folk/country,0,0.8554210266355671
-0.10000000000000009,0.07499999999999996,electronic,3,0.49627183067241326
0.02499999999999991,-0.02499999999999991,electronic,2,0.5952139322818598
-0.1499999999999999,-0.17500000000000004,rock,3,0.45986998061898327
0.0,0.2250000000000001,rock,2,0.8153871073483625
0.19999999999999996,0.17500000000000004,electronic,2,0.8038844959991207
-0.125,-0.32499999999999996,folk/country,1,0.44821165682873054
0.5249999999999999,0.19999999999999996,rock,0,0.9351068227103833
-0.275,-0.625,other,1,0.9312789836256071
0.2749999999999999,0.25,rock,2,0.49902362443372955
0.2250000000000001,-0.07499999999999996,rock,2,0.6418039056000162
-0.050000000000000044,0.25,rock,2,0.7217691455579579
0.55,0.32499999999999996,rock,0,0.9820015547093559
-0.17500000000000004,-0.475,electronic,1,0.7703913540779527
-0.050000000000000044,-0.475,electronic,1,0.6130277815653847
0.2749999999999999,0.2749999999999999,pop,0,0.5400110109591012
-0.07499999999999996,-0.25,other,4,0.45102667332760954
0.1499999999999999,0.17500000000000004,rock,2,0.8636579684762752
0.30000000000000004,0.2250000000000001,other,0,0.5255759470027714
-0.10000000000000009,-0.10000000000000009,electronic,3,0.5023668248504064
0.050000000000000044,0.125,electronic,2,0.8408516810472361
0.17500000000000004,0.32499999999999996,rock,2,0.6726109119711885
0.2749999999999999,0.25,rock,2,0.49902362443372955
-0.10000000000000009,-0.02499999999999991,pop,3,0.5321623920933567
-0.19999999999999996,-0.25,other,1,0.3675663033148522
0.1499999999999999,0.17500000000000004,rock,2,0.8636579684762752
-0.30000000000000004,-0.42500000000000004,folk/country,1,0.8113808214644206
0.25,0.625,folk/country,0,0.9248471562768742
0.125,0.125,rock,2,0.8785980817787589
0.125,-0.02499999999999991,other,2,0.7391983172999477
0.2250000000000001,0.10000000000000009,other,2,0.81424730384655
-0.19999999999999996,-0.42500000000000004,pop,1,0.7284263655224716
-0.1499999999999999,-0.6,pop,1,0.8613111169471085
0.2749999999999999,0.2250000000000001,folk/country,2,0.5447635363837481
0.0,0.07499999999999996,rock,2,0.7155642670273955
0.125,0.17500000000000004,rock,2,0.8774731618830903
0.1499999999999999,-0.02499999999999991,other,2,0.7537439297066422
0.44999999999999996,0.3500000000000001,other,0,0.9519916696353897
0.02499999999999991,-0.19999999999999996,other,4,0.5374014876337079
0.10000000000000009,0.1499999999999999,folk/country,2,0.8801452632703928
0.44999999999999996,0.2749999999999999,pop,0,0.916937936375299
0.0,-0.375,electronic,4,0.5158758410803187
0.2749999999999999,0.19999999999999996,rock,2,0.5887700396807702
0.25,-0.050000000000000044,folk/country,2,0.6875324202699359
0.02499999999999991,0.0,folk/country,2,0.6490105109873492
0.10000000000000009,-0.125,other,2,0.43937923553121533
-0.32499999999999996,-0.42500000000000004,rock,1,0.8276710334839377
0.02499999999999991,-0.07499999999999996,electronic,2,0.46747315636643283
0.050000000000000044,-0.07499999999999996,electronic,2,0.5166906318422437
0.5249999999999999,0.3500000000000001,rock,0,0.9802190320218821
0.10000000000000009,-0.10000000000000009,rock,2,0.5184297831207282
-0.32499999999999996,-0.35,folk/country,1,0.722983993342808
-0.30000000000000004,-0.42500000000000004,folk/country,1,0.8113808214644206
-0.1499999999999999,-0.30000000000000004,folk/country,1,0.4257858315177692
-0.125,0.2749999999999999,rock,3,0.49717256910142366
0.17500000000000004,0.1499999999999999,rock,2,0.8518787040432386
-0.30000000000000004,-0.42500000000000004,other,1,0.8113808214644206
-0.42500000000000004,-0.55,pop,1,0.944449385870838
-0.125,-0.125,rock,3,0.514326435443715
0.02499999999999991,0.0,electronic,2,0.6490105109873492
0.1499999999999999,0.0,electronic,2,0.7954368849971567
-0.25,-0.475,jazz,1,0.8304311921000115
-0.2250000000000001,-0.275,jazz,1,0.4558427861145267
0.07499999999999996,0.42500000000000004,jazz,2,0.7501346534194707
0.07499999999999996,0.3500000000000001,rock,2,0.8217453120068834
-0.25,-0.1499999999999999,rock,3,0.5507699608123501
-0.02499999999999991,-0.25,jazz,4,0.5228526352720646
-0.375,-0.25,jazz,1,0.5527053163340365
-0.19999999999999996,-0.35,rock,1,0.5966575468275094
-0.25,-0.30000000000000004,electronic,1,0.5440184552722516
-0.35,-0.525,jazz,1,0.9145758447759321
0.0,-0.44999999999999996,electronic,1,0.4850434432972791
-0.1499999999999999,-0.525,jazz,1,0.8013794502515811
0.30000000000000004,0.17500000000000004,jazz,2,0.5544129462620252
0.2749999999999999,-0.25,pop,4,0.8371971274957934
0.2250000000000001,0.1499999999999999,electronic,2,0.7817577266300775
0.19999999999999996,0.10000000000000009,electronic,2,0.8428991429621062
0.25,-0.050000000000000044,jazz,2,0.6875324202699359
-0.07499999999999996,-0.375,rock,1,0.4780419173153772
0.0,-0.42500000000000004,rock,4,0.4624390260364974
0.625,0.25,jazz,0,0.9840957218629717
-0.19999999999999996,-0.525,rock,1,0.8410289855739642
0.0,-0.475,jazz,1,0.525858307063373
-0.17500000000000004,-0.4,rock,1,0.6615313476535182
-0.32499999999999996,-0.42500000000000004,rock,1,0.8276710334839377
0.050000000000000044,-0.1499999999999999,jazz,4,0.4526722717949591
-0.10000000000000009,-0.44999999999999996,electronic,1,0.6487703827832628
-0.02499999999999991,-0.07499999999999996,jazz,2,0.3543432207720972
-0.475,-0.07499999999999996,jazz,3,0.650060376336505
0.02499999999999991,0.10000000000000009,rock,2,0.7895982102125485
0.07499999999999996,-0.275,hip-hop,4,0.6765330323656382
-0.19999999999999996,-0.35,electronic,1,0.5966575468275094
-0.19999999999999996,-0.5,jazz,1,0.8186500765283377
-0.30000000000000004,-0.42500000000000004,jazz,1,0.8113808214644206
0.02499999999999991,0.050000000000000044,hip-hop,2,0.7333233805187389
-0.07499999999999996,-0.5,electronic,1,0.6868774069216227
-0.07499999999999996,-0.475,electronic,1,0.6513875908774324
-0.35,-0.35,jazz,1,0.7438299155129794
-0.55,-0.050000000000000044,jazz,3,0.6505434645416873
-0.32499999999999996,-0.55,jazz,1,0.9180479840278025
0.07499999999999996,-0.17500000000000004,electronic,4,0.5246450693705367
-0.42500000000000004,-0.375,electronic,1,0.8304806443255915
0.44999999999999996,0.02499999999999991,jazz,0,0.5357352598012389
0.44999999999999996,0.375,jazz,0,0.9601136779694841
-0.02499999999999991,-0.17500000000000004,jazz,4,0.45521437632291506
0.5249999999999999,0.2250000000000001,hip-hop,0,0.9471300350266451
0.17500000000000004,-0.050000000000000044,jazz,2,0.7092656480550162
-0.17500000000000004,-0.525,electronic,1,0.8224851869967114
0.10000000000000009,-0.2250000000000001,pop,4,0.6470067000586843
0.42500000000000004,-0.10000000000000009,jazz,4,0.5723158711644898
-0.07499999999999996,0.07499999999999996,hip-hop,2,0.507099275353363
-0.2250000000000001,-0.17500000000000004,jazz,3,0.49130662481627324
0.125,0.2749999999999999,electronic,2,0.82956169382294
-0.44999999999999996,-0.4,jazz,1,0.8688805527145973
-0.19999999999999996,-0.65,electronic,1,0.9135510780170621
0.3500000000000001,0.17500000000000004,hip-hop,0,0.5881457655543119
-0.1499999999999999,-0.275,jazz,1,0.3694916534589344
0.0,-0.475,jazz,1,0.525858307063373
0.10000000000000009,-0.5,jazz,4,0.5929452157902617
0.10000000000000009,-0.07499999999999996,jazz,2,0.592900930695233
-0.17500000000000004,-0.2250000000000001,electronic,3,0.37509227073777107
0.7250000000000001,0.5249999999999999,jazz,0,0.9994767441715035
0.2749999999999999,0.10000000000000009,hip-hop,2,0.7249870143870518
-0.1499999999999999,-0.375,electronic,1,0.5848681365476258
-0.02499999999999991,-0.25,jazz,4,0.5228526352720646
0.19999999999999996,-0.10000000000000009,jazz,2,0.5747412522656418
-0.32499999999999996,-0.5,electronic,1,0.8909732621543484
-0.30000000000000004,-0.65,electronic,1,0.9452434049383838
-0.2250000000000001,-0.475,electronic,1,0.812630014266263
0.2250000000000001,0.07499999999999996,jazz,2,0.8203080494145513
-0.125,-0.525,jazz,1,0.7773476799334673
-0.02499999999999991,0.07499999999999996,rock,2,0.6555268164246972
0.1499999999999999,-0.17500000000000004,jazz,4,0.5644653982417684
0.10000000000000009,-0.2250000000000001,rock,4,0.6470067000586843
-0.02499999999999991,-0.050000000000000044,pop,2,0.4146343398082519
-0.10000000000000009,-0.5,jazz,1,0.719846500566684
-0.050000000000000044,-0.30000000000000004,jazz,4,0.4789789506411968
0.07499999999999996,-0.1499999999999999,jazz,4,0.46181441781151455
-0.1499999999999999,-0.44999999999999996,jazz,1,0.7115817123922779
0.17500000000000004,-0.525,jazz,4,0.7319927673690423
-0.050000000000000044,-0.375,electronic,1,0.43857993500320225
-0.19999999999999996,-0.575,jazz,1,0.8768020818123498
-0.07499999999999996,0.050000000000000044,rock,2,0.4692412295583154
-0.19999999999999996,-0.42500000000000004,electronic,1,0.7284263655224716
0.125,0.02499999999999991,jazz,2,0.8175864233345835
0.1499999999999999,0.050000000000000044,jazz,2,0.8489682076623886
-0.19999999999999996,-0.475,jazz,1,0.7927080364672732
-0.275,-0.4,jazz,1,0.760108801984312
-0.35,0.25,jazz,3,0.9635003240540039
0.2250000000000001,0.02499999999999991,electronic,2,0.806924999417194
-0.30000000000000004,-0.42500000000000004,jazz,1,0.8113808214644206
0.07499999999999996,-0.42500000000000004,jazz,4,0.6212149387991006
0.2749999999999999,0.02499999999999991,jazz,2,0.7503809117437517
0.02499999999999991,-0.19999999999999996,electronic,4,0.5374014876337079
-0.19999999999999996,-0.32499999999999996,electronic,1,0.5434821300829014
-0.275,-0.5,jazz,1,0.8669808707153049
0.19999999999999996,0.25,rock,2,0.7197116918481353
-0.35,-0.2250000000000001,electronic,1,0.45956735001791926
0.17500000000000004,-0.25,jazz,4,0.7561900781026016
0.19999999999999996,-0.125,electronic,2,0.49362250223450244
-0.4,-0.6,jazz,1,0.9534811350694855
-0.4,-0.55,rock,1,0.9389784954553946
0.17500000000000004,0.3999999999999999,rock,2,0.542252251126388
-0.2250000000000001,-0.35,rock,1,0.625082998815597
0.17500000000000004,0.2250000000000001,rock,2,0.8006011779583571
0.17500000000000004,-0.02499999999999991,rock,2,0.7604065337600349
0.375,0.30000000000000004,rock,0,0.8395073186245896
0.17500000000000004,0.07499999999999996,rock,2,0.8578454836147652
0.10000000000000009,0.07499999999999996,rock,2,0.8502113889042787
-0.25,-0.2250000000000001,rock,3,0.37676395451738115
-0.2250000000000001,-0.25,rock,1,0.39430129049127577
-0.10000000000000009,-0.07499999999999996,rock,3,0.5193130216295414
0.0,0.0,rock,2,0.5921467168631741
0.2749999999999999,0.17500000000000004,pop,2,0.6299330621882295
0.25,0.19999999999999996,rock,2,0.6620759066125056
0.3500000000000001,0.19999999999999996,rock,0,0.6351968644884735
0.0,-0.125,pop,4,0.3779895427436951
0.3999999999999999,0.25,rock,0,0.8295361040574251
-0.17500000000000004,-0.44999999999999996,rock,1,0.738508734156211
-0.2250000000000001,-0.2250000000000001,rock,3,0.3797225375395687
-0.125,-0.1499999999999999,rock,3,0.4790915454405913
0.30000000000000004,0.3999999999999999,pop,0,0.8104627665879864
-0.07499999999999996,-0.375,rock,1,0.4780419173153772
-0.575,0.1499999999999999,pop,3,0.9409542605775945
0.30000000000000004,0.17500000000000004,rock,2,0.5544129462620252
-0.050000000000000044,-0.125,rock,3,0.3931144523533714
0.02499999999999991,-0.32499999999999996,rock,4,0.5993810246312419
0.1499999999999999,0.42500000000000004,pop,2,0.5744760752619481
0.19999999999999996,0.3999999999999999,pop,0,0.5280132513037187
-0.050000000000000044,-0.35,rock,4,0.44464172628069626
0.17500000000000004,0.07499999999999996,rock,2,0.8578454836147652
0.30000000000000004,0.1499999999999999,pop,2,0.5958190588380422
0.17500000000000004,0.050000000000000044,pop,2,0.8470579821881828
-0.125,-0.44999999999999996,rock,1,0.6817392693506358
0.32499999999999996,0.17500000000000004,pop,0,0.5088336682103216
0.07499999999999996,-0.44999999999999996,rock,4,0.5944541166646584
0.1499999999999999,-0.10000000000000009,rock,2,0.5624124518779202
-0.19999999999999996,-0.525,pop,1,0.8410289855739642
-0.10000000000000009,0.0,rock,3,0.5291703751284166
0.25,0.17500000000000004,rock,2,0.6983019478503227
-0.050000000000000044,0.10000000000000009,pop,2,0.6181608261447914
-0.10000000000000009,-0.475,pop,1,0.6861362470945217
0.19999999999999996,0.32499999999999996,pop,2,0.6002144010507927
-0.02499999999999991,-0.07499999999999996,pop,2,0.3543432207720972
0.2749999999999999,0.125,pop,2,0.6992163331414893
0.2250000000000001,0.2250000000000001,pop,2,0.6920958225153555
0.19999999999999996,0.19999999999999996,pop,2,0.7803934087864582
-0.44999999999999996,-0.6,rock,1,0.9614310425084194
0.125,0.0,rock,2,0.7833876929994877
0.25,0.19999999999999996,pop,2,0.6620759066125056
-0.32499999999999996,-0.575,rock,1,0.9284332219702727
-0.10000000000000009,-0.42500000000000004,rock,1,0.6077616981408225
-0.2250000000000001,-0.07499999999999996,rock,3,0.6880148533129379
0.375,0.17500000000000004,pop,0,0.6622126168481592
0.050000000000000044,-0.125,pop,4,0.3903495604392396
0.10000000000000009,0.25,rock,2,0.8647229351073041
0.2749999999999999,0.42500000000000004,pop,0,0.788306395683004
0.07499999999999996,0.0,pop,2,0.7344662862051251
0.050000000000000044,0.1499999999999999,pop,2,0.8526746639503017
0.050000000000000044,0.0,rock,2,0.6965114727270753
-0.32499999999999996,-0.375,pop,1,0.7635113105877713
0.02499999999999991,0.0,rock,2,0.6490105109873492
0.02499999999999991,-0.02499999999999991,rock,2,0.5952139322818598
0.3500000000000001,0.17500000000000004,rock,0,0.5881457655543119
0.2749999999999999,0.6000000000000001,rock,0,0.9344037751931517
0.44999999999999996,0.2250000000000001,pop,0,0.8811863384315218
-0.050000000000000044,-0.125,rock,3,0.3931144523533714
-0.19999999999999996,-0.25,rock,1,0.3675663033148522
0.19999999999999996,0.0,pop,2,0.7962181993477621
-0.2250000000000001,-0.32499999999999996,rock,1,0.5725959408065394
0.10000000000000009,0.1499999999999999,pop,2,0.8801452632703928
0.3500000000000001,0.3999999999999999,pop,0,0.8913790939485102
-0.125,-0.19999999999999996,pop,3,0.3976755358237764
-0.07499999999999996,-0.4,rock,1,0.5254722689814489
0.0,0.32499999999999996,rock,2,0.8155725476228471
0.32499999999999996,0.30000000000000004,rock,0,0.7330186764217924
0.32499999999999996,0.0,pop,2,0.6505636707239281
0.30000000000000004,0.125,pop,2,0.6330943384311899
0.42500000000000004,0.32499999999999996,pop,0,0.9228031872440976
0.10000000000000009,0.3500000000000001,pop,2,0.7956574671237341
0.10000000000000009,-0.44999999999999996,rock,4,0.6488737897457297
0.0,0.050000000000000044,pop,2,0.6812115548879216
0.125,0.30000000000000004,rock,2,0.8083648749550849
0.1499999999999999,-0.125,pop,2,0.48155994379370176
0.375,0.1499999999999999,pop,0,0.6155048307342971
-0.275,-0.275,rock,1,0.5110737932194886
-0.2250000000000001,-0.5,rock,1,0.8367136277966316
0.25,0.19999999999999996,rock,2,0.6620759066125056
-0.4,-0.44999999999999996,pop,1,0.8880629507569988
0.1499999999999999,0.125,rock,2,0.873576556232504
0.25,0.19999999999999996,rock,2,0.6620759066125056
0.0,-0.375,pop,4,0.5158758410803187
0.02499999999999991,0.2749999999999999,pop,2,0.8473664325615153
0.32499999999999996,0.30000000000000004,rock,0,0.7330186764217924
-0.050000000000000044,-0.050000000000000044,rock,3,0.40853543290046307
0.375,0.2250000000000001,rock,0,0.7446206644396404
-0.02499999999999991,-0.725,pop,1,0.8334563097814537
-0.19999999999999996,-0.30000000000000004,rock,1,0.4866902059395114
0.02499999999999991,-0.19999999999999996,rock,4,0.5374014876337079
0.0,-0.2250000000000001,rock,4,0.5410919986628205
0.375,0.42500000000000004,rock,0,0.9320860039131681
0.050000000000000044,0.3500000000000001,rock,2,0.8326935993262281
-0.1499999999999999,0.575,rock,3,0.7276480664671068
-0.44999999999999996,0.4750000000000001,rock,3,0.9961976762790776
-0.2250000000000001,-0.4,rock,1,0.7149628817986858
-0.32499999999999996,0.375,rock,3,0.9609104439393296
-0.1499999999999999,0.30000000000000004,rock,3,0.5866491260834537
-0.02499999999999991,0.375,rock,2,0.7669861657454078
0.050000000000000044,0.02499999999999991,rock,2,0.7397701161950572
-0.02499999999999991,0.0,rock,2,0.5270156073512396
-0.30000000000000004,-0.42500000000000004,rock,1,0.8113808214644206
-0.17500000000000004,0.10000000000000009,rock,3,0.7125309524234682
0.10000000000000009,0.125,rock,2,0.8749115496321854
0.25,0.375,rock,0,0.6450059685015002
0.07499999999999996,0.32499999999999996,rock,2,0.8386950798675954
0.32499999999999996,0.375,rock,0,0.8303355231866444
0.10000000000000009,0.32499999999999996,rock,2,0.8181780892486632
-0.2250000000000001,-0.10000000000000009,rock,3,0.6460340547886042
-0.4,-0.10000000000000009,rock,3,0.6347942293566554
-0.125,0.10000000000000009,rock,3,0.5636937388121317
0.17500000000000004,0.3500000000000001,rock,2,0.6315764229061938
-0.1499999999999999,0.375,rock,3,0.5972395911130112
0.1499999999999999,0.19999999999999996,rock,2,0.8522225989241147
0.3500000000000001,0.30000000000000004,rock,0,0.791467842588213
0.07499999999999996,0.17500000000000004,rock,2,0.8758817688168826
-0.02499999999999991,-0.125,rock,4,0.36880096505784316
0.050000000000000044,0.2749999999999999,rock,2,0.8613451646931781
0.1499999999999999,-0.10000000000000009,rock,2,0.5624124518779202
-0.32499999999999996,0.1499999999999999,rock,3,0.9332421948005378
0.02499999999999991,0.42500000000000004,rock,2,0.7846672247345379
-0.10000000000000009,-0.25,rock,4,0.41637015959039547
-0.07499999999999996,0.125,rock,2,0.5695263209927872
-0.050000000000000044,0.25,rock,2,0.7217691455579579
0.050000000000000044,0.5,rock,2,0.6896275400651614
0.19999999999999996,-0.30000000000000004,rock,4,0.8375408575896593
-0.07499999999999996,-0.1499999999999999,rock,3,0.4138633167288905
-0.525,-0.5,rock,1,0.9471457209872932
-0.17500000000000004,-0.275,rock,1,0.39871901604399185
0.1499999999999999,0.5,rock,0,0.5450310435553344
-0.1499999999999999,-0.44999999999999996,rock,1,0.7115817123922779
0.02499999999999991,0.1499999999999999,rock,2,0.824126802364049
0.050000000000000044,-0.1499999999999999,rock,4,0.4526722717949591
0.3500000000000001,0.44999999999999996,rock,0,0.9234264733530793
-0.19999999999999996,-0.1499999999999999,rock,3,0.5373445091429191
0.2749999999999999,0.02499999999999991,rock,2,0.7503809117437517
0.25,0.2749999999999999,rock,2,0.5333185290885608
-0.25,0.25,rock,3,0.867538543052065
0.0,0.6000000000000001,rock,2,0.5792771650984421
-0.25,0.42500000000000004,rock,3,0.8867233052053171
-0.7,0.02499999999999991,rock,3,0.6731792370515968
-0.30000000000000004,-0.4,rock,1,0.7799712366407406
-0.10000000000000009,-0.25,rock,4,0.41637015959039547
-0.2250000000000001,-0.1499999999999999,rock,3,0.5463639934103516
0.02499999999999991,-0.1499999999999999,rock,4,0.4421650197844622
0.42500000000000004,0.17500000000000004,rock,0,0.7845964037755941
0.125,0.375,rock,2,0.7219561892804862
0.10000000000000009,0.2250000000000001,rock,2,0.873585777463643
-0.050000000000000044,-0.050000000000000044,rock,3,0.40853543290046307
-0.050000000000000044,0.02499999999999991,rock,2,0.5038762829796248
-0.07499999999999996,0.19999999999999996,rock,2,0.6308791871845755
-0.125,0.42500000000000004,rock,3,0.5254273805084975
0.2250000000000001,0.07499999999999996,rock,2,0.8203080494145513
-0.1499999999999999,0.0,rock,3,0.6540510544679392
-0.275,0.125,rock,3,0.8903577721289756
-0.35,0.42500000000000004,rock,3,0.9768969123749554
-0.42500000000000004,-0.375,rock,1,0.8304806443255915
-0.35,0.0,rock,3,0.8366541703615579
-0.07499999999999996,0.4750000000000001,rock,2,0.5978547197792378
-0.10000000000000009,0.29499999999999993,rock,2,0.5821278231435346
-0.32499999999999996,0.17500000000000004,rock,3,0.9395090046510373
0.2250000000000001,0.5249999999999999,rock,0,0.8037058448412467
0.125,0.125,rock,2,0.8785980817787589
0.25,0.2250000000000001,rock,2,0.621912006439084
-0.17500000000000004,-0.17500000000000004,rock,3,0.4750985712060364
-0.4,-0.07499999999999996,rock,3,0.6950813011644276
-0.07499999999999996,0.1499999999999999,rock,2,0.5940947521561588
-0.02499999999999991,0.10000000000000009,rock,2,0.6865048725307781
-0.07499999999999996,0.050000000000000044,rock,2,0.4692412295583154
0.375,0.375,rock,0,0.9032497113689748
0.125,0.55,rock,0,0.5494917569647878
0.125,0.10000000000000009,rock,2,0.8724269647649227
0.02499999999999991,0.19999999999999996,rock,2,0.8425316079028421
-0.125,-0.125,rock,3,0.514326435443715
-0.525,-0.4,rock,1,0.8976636610497222
-0.32499999999999996,-0.525,rock,1,0.9056921407561249
-0.050000000000000044,0.1499999999999999,rock,2,0.6690935886076577
-0.25,0.02499999999999991,rock,3,0.820628188810937
0.375,0.32499999999999996,rock,0,0.8638891822065528
0.125,0.19999999999999996,rock,2,0.8709910245878547
0.0,0.17500000000000004,rock,2,0.7982949229574415
-0.19999999999999996,-0.2250000000000001,rock,3,0.37926040946853146
0.0,0.25,rock,2,0.8193958615185262
-0.02499999999999991,0.44999999999999996,rock,2,0.7280456280332772
-0.375,0.5,rock,3,0.9883058930906622
-0.30000000000000004,-0.375,rock,1,0.7432509137995341
-0.07499999999999996,-0.07499999999999996,rock,3,0.4662362370366999
-0.275,0.2250000000000001,rock,3,0.9036693947787962
0.07499999999999996,-0.275,rock,4,0.6765330323656382
0.3500000000000001,0.30000000000000004,rock,0,0.791467842588213
-0.10000000000000009,0.10000000000000009,rock,3,0.481559836015088
0.19999999999999996,0.25,rock,2,0.7197116918481353
-0.44999999999999996,0.3999999999999999,rock,3,0.9940959252499514
0.3500000000000001,0.050000000000000044,other,2,0.5800828582779729
0.10000000000000009,-0.10000000000000009,classical,2,0.5184297831207282
0.0,-0.050000000000000044,folk/country,2,0.476971004825566
-0.30000000000000004,0.050000000000000044,rock,3,0.8732323521339852
0.0,-0.44999999999999996,other,1,0.4850434432972791
-0.4,-0.1499999999999999,pop,3,0.5007255620880251
0.1499999999999999,-0.35,other,4,0.7985978076577405
0.050000000000000044,-0.19999999999999996,classical,4,0.5594154049259041
0.25,-0.050000000000000044,folk/country,2,0.6875324202699359
-0.19999999999999996,0.0,hip-hop,3,0.7448684932774524
-0.4575,0.04249999999999998,classical,3,0.8766011356021985
0.10000000000000009,0.1499999999999999,classical,2,0.8801452632703928
-0.5,0.3999999999999999,rock,3,0.9959985951995216
0.3999999999999999,0.10000000000000009,classical,0,0.5873791258706319
0.55,0.1499999999999999,folk/country,0,0.9200172655384387
0.4175,0.375,jazz,0,0.9412452008882152
0.375,0.3325,jazz,0,0.8705603949846819
0.44999999999999996,0.44999999999999996,folk/country,0,0.9772654121283286
0.44999999999999996,0.19999999999999996,folk/country,0,0.8582398595845404
-0.19999999999999996,-0.1499999999999999,other,3,0.5373445091429191
-0.30000000000000004,-0.1499999999999999,classical,3,0.5473492016652809
0.1499999999999999,-0.5,pop,4,0.7043328538690989
0.3500000000000001,-0.1499999999999999,electronic,4,0.6601118275456254
0.25,-0.050000000000000044,electronic,2,0.6875324202699359
0.1499999999999999,-0.25,electronic,4,0.7338017030666302
0.19999999999999996,0.10000000000000009,rock,2,0.8428991429621062
-0.4,0.30000000000000004,rock,3,0.9825868385169185
-0.20750000000000002,-0.25,other,1,0.3755935219463743
-0.19999999999999996,0.30000000000000004,rock,3,0.7521814505181852
-0.10000000000000009,-0.4,other,1,0.5632866432876289
0.050000000000000044,-0.1499999999999999,pop,4,0.4526722717949591
-0.4575,0.4575,rock,3,0.9962036978806468
0.30000000000000004,-0.10000000000000009,pop,2,0.5067406462481898
-0.4,-0.10000000000000009,rock,3,0.6347942293566554
-0.2925,-0.08250000000000002,pop,3,0.6992458987379429
0.3500000000000001,-0.1499999999999999,pop,4,0.6601118275456254
-0.25,-0.30000000000000004,blues/soul,1,0.5440184552722516
0.10000000000000009,-0.10000000000000009,pop,2,0.5184297831207282
-0.35,0.5,folk/country,3,0.9819284881625303
-0.1499999999999999,-0.5,pop,1,0.7752181371545065
-0.050000000000000044,-0.10000000000000009,other,3,0.4049335232714977
0.1499999999999999,-0.1499999999999999,jazz,4,0.4891234439522222
0.3500000000000001,0.050000000000000044,other,2,0.5800828582779729
-0.050000000000000044,-0.44999999999999996,jazz,1,0.5730289237139838
0.125,0.04249999999999998,jazz,2,0.8362129885084185
0.30000000000000004,0.0,jazz,2,0.6979612084663708
0.30000000000000004,-0.35,rock,4,0.936500799580689
-0.1499999999999999,-0.30000000000000004,electronic,1,0.4257858315177692
-0.1499999999999999,-0.35,hip-hop,1,0.5346289403613402
-0.44999999999999996,-0.10000000000000009,hip-hop,3,0.6025073817874226
-0.44999999999999996,0.050000000000000044,hip-hop,3,0.8863267662147162
-0.30000000000000004,-0.30000000000000004,electronic,1,0.5977187248200663
0.10000000000000009,-0.35,jazz,4,0.7222186190993447
0.0,0.050000000000000044,other,2,0.6812115548879216
0.0,-0.10000000000000009,jazz,2,0.3469472322657408
-0.4575,0.4575,rock,3,0.9962036978806468
-0.30000000000000004,0.19999999999999996,rock,3,0.9269420899310971
