epoch,train_loss,valid_loss,mae_v_fe,mae_a_fe,mae_fe,time
0,0.32351312041282654,1.505411982536316,1.3749094009399414,1.4401605129241943,07:05
